Transaction ID,Application Date,Approval date,Type of Loan,Customer ID,Branch ID,Loan Amount,Term of Loan,Interest rate,Lead source
1,08-11-2016,26-11-2016,Personal Loan,CG-12520,FUR-BO-10001798,116213,10,13.4,Corporate Campaign
2,12-06-2016,01-07-2016,Personal Loan,DV-13045,OFF-LA-10000240,83559,20,16.8,Partner Websites
3,11-10-2015,02-11-2015,Home Loan,SO-20335,FUR-TA-10000577,1168090,10,4.3,Walk-in
4,09-06-2014,29-06-2014,Home Loan,BH-11710,FUR-FU-10001487,1197149,10,12,Website
5,15-04-2017,05-05-2017,Home Loan,AA-10480,OFF-PA-10002365,922970,5,9.1,Website
6,05-12-2016,25-12-2016,Home Loan,IM-15070,OFF-BI-10003656,784533,20,14.3,Partner Websites
7,22-11-2015,11-12-2015,Home Loan,HP-14815,OFF-AP-10002311,875623,20,4.5,Website
8,11-11-2014,03-12-2014,Home Loan,PK-19075,OFF-ST-10004186,807286,10,14.7,Walk-in
9,13-05-2014,30-05-2014,Personal Loan,AG-10270,OFF-ST-10000107,84785,30,7.2,Walk-in
10,27-08-2014,16-09-2014,Personal Loan,ZD-21925,OFF-AR-10003056,115924,10,16.1,Walk-in
11,09-12-2016,28-12-2016,Home Loan,KB-16585,OFF-AR-10000246,1102134,30,11.9,Walk-in
12,16-07-2017,02-08-2017,Personal Loan,SF-20065,FUR-CH-10002774,106151,10,11,Walk-in
13,25-09-2015,15-10-2015,Home Loan,EB-13870,FUR-TA-10000577,1179581,30,8.1,Walk-in
14,16-01-2016,04-02-2016,Personal Loan,EH-13945,OFF-BI-10001634,78892,20,13.7,Partner Websites
15,17-09-2015,06-10-2015,Home Loan,TB-21520,FUR-BO-10004834,810319,1,2.2,Website
16,19-10-2017,07-11-2017,Personal Loan,MA-17560,OFF-PA-10000249,76131,30,13.7,Website
17,08-12-2016,25-12-2016,Gold Loan,GH-14485,TEC-PH-10004977,38258,30,8.7,Website
18,27-12-2015,15-01-2016,Home Loan,SN-20710,OFF-EN-10002986,1036773,10,6.2,Walk-in
19,10-09-2017,30-09-2017,Home Loan,LC-16930,TEC-PH-10004093,1029240,30,6,Walk-in
20,17-07-2016,06-08-2016,Home Loan,RA-19885,OFF-ST-10003479,848481,20,5,Walk-in
21,19-09-2017,08-10-2017,Home Loan,ES-14080,OFF-ST-10003282,1189570,20,14.8,Walk-in
22,11-03-2016,28-03-2016,Gold Loan,ON-18715,TEC-AC-10000171,74053,30,14.5,Walk-in
23,20-10-2014,09-11-2014,Personal Loan,PO-18865,OFF-ST-10001713,83306,5,12.8,Referral
24,20-06-2016,10-07-2016,Home Loan,LH-16900,TEC-AC-10002167,1124428,5,12.7,Walk-in
25,18-04-2015,07-05-2015,Home Loan,DP-13000,OFF-BI-10004410,905826,30,11.5,Website
26,11-12-2016,01-01-2017,Home Loan,JM-15265,OFF-FA-10000304,1188240,1,2.1,Website
27,17-06-2016,03-07-2016,Gold Loan,TB-21055,OFF-ST-10000604,60286,20,9.4,Walk-in
28,24-11-2015,15-12-2015,Home Loan,KM-16720,TEC-AC-10004633,997453,1,14.6,Walk-in
29,30-04-2015,20-05-2015,Home Loan,PS-18970,FUR-CH-10001146,858660,1,11,Walk-in
30,05-12-2014,25-12-2014,Home Loan,BS-11590,OFF-AR-10002671,856839,20,3.3,Walk-in
31,04-06-2016,21-06-2016,Gold Loan,KD-16270,OFF-PA-10000482,36974,5,12.2,Website
32,18-09-2016,08-10-2016,Home Loan,HM-14980,OFF-BI-10004654,998049,20,13.6,Walk-in
33,26-04-2015,17-05-2015,Home Loan,JE-15745,FUR-CH-10000513,1065200,10,9.5,Corporate Campaign
34,09-12-2017,26-12-2017,Gold Loan,KB-16600,OFF-BI-10004182,34916,20,13.5,Walk-in
35,12-06-2016,30-06-2016,Gold Loan,SC-20770,OFF-AP-10002118,109796,10,16.3,Walk-in
36,12-10-2014,31-10-2014,Home Loan,DN-13690,OFF-AR-10002053,918791,10,9.3,Walk-in
37,03-09-2015,23-09-2015,Home Loan,JC-16105,OFF-EN-10000927,872283,10,10.8,Walk-in
38,13-11-2017,01-12-2017,Gold Loan,CS-12400,OFF-ST-10003656,120914,1,6.2,Walk-in
39,26-10-2017,17-11-2017,Home Loan,PG-18895,TEC-AC-10001998,1203082,30,4.7,Walk-in
40,05-04-2016,25-04-2016,Personal Loan,GM-14455,OFF-ST-10003442,119871,1,14,Website
41,17-09-2016,07-10-2016,Home Loan,JS-15685,OFF-AR-10004930,1098990,10,13.5,Walk-in
42,31-01-2015,20-02-2015,Personal Loan,KB-16315,OFF-PA-10003177,97807,20,14.8,Corporate Campaign
43,06-11-2017,27-11-2017,Home Loan,RB-19705,OFF-BI-10004738,1140949,10,9.2,Walk-in
44,09-11-2017,26-11-2017,Personal Loan,PN-18775,FUR-FU-10000629,118704,10,6.6,Partner Websites
45,17-06-2017,05-07-2017,Gold Loan,KD-16345,OFF-BI-10001721,78617,5,9,Partner Websites
46,06-09-2016,26-09-2016,Home Loan,ER-13855,OFF-AP-10000358,1234315,30,13.8,Website
47,29-08-2016,17-09-2016,Home Loan,RB-19465,OFF-PA-10003256,875572,30,5.5,Website
48,01-12-2016,19-12-2016,Personal Loan,GZ-14470,OFF-PA-10004040,113435,10,17,Walk-in
49,13-11-2015,02-12-2015,Home Loan,LC-16870,TEC-AC-10001552,892556,10,14.2,Corporate Campaign
50,23-11-2017,13-12-2017,Home Loan,JM-15250,TEC-AC-10003499,1108935,30,9,Website
51,15-10-2015,04-11-2015,Home Loan,PA-19060,TEC-AC-10000844,1090155,1,14.6,Walk-in
52,25-12-2017,14-01-2018,Home Loan,CV-12805,FUR-FU-10001934,827772,1,3.5,Website
53,03-11-2016,25-11-2016,Home Loan,CL-12565,OFF-AR-10000380,1077467,20,9.5,Walk-in
54,25-08-2014,11-09-2014,Personal Loan,RC-19960,OFF-FA-10000621,110018,30,14.8,Walk-in
55,02-03-2015,21-03-2015,Home Loan,DK-13090,FUR-TA-10001768,951545,10,3.7,Website
56,05-04-2015,25-04-2015,Home Loan,GG-14650,OFF-BI-10003650,993918,30,9.3,Walk-in
57,12-06-2016,30-06-2016,Gold Loan,SC-20725,FUR-FU-10002157,136633,20,9.7,Website
58,26-12-2014,12-01-2015,Personal Loan,AD-10180,FUR-CH-10004063,118150,5,15.1,Walk-in
59,20-09-2014,10-10-2014,Home Loan,PF-19165,FUR-TA-10004534,807350,1,11.4,Walk-in
60,05-11-2017,27-11-2017,Home Loan,TS-21610,OFF-BI-10003274,937800,10,4.3,Walk-in
61,06-11-2016,25-11-2016,Personal Loan,LS-16975,FUR-CH-10001146,79692,10,17.3,Website
62,02-02-2017,20-02-2017,Gold Loan,DW-13585,TEC-PH-10002293,49876,20,14.4,Walk-in
63,13-10-2016,03-11-2016,Home Loan,LC-16885,OFF-PA-10001804,804697,10,9.6,Walk-in
64,05-09-2016,22-09-2016,Personal Loan,JD-15895,FUR-FU-10004848,100694,5,17.3,Walk-in
65,18-09-2017,08-10-2017,Home Loan,SH-19975,OFF-AR-10000940,1057215,10,2.9,Walk-in
66,22-12-2017,11-01-2018,Home Loan,SG-20080,OFF-AP-10001058,1127953,30,7.2,Walk-in
67,07-09-2015,27-09-2015,Home Loan,HA-14920,OFF-ST-10003656,818863,1,11.5,Referral
68,22-10-2014,12-11-2014,Home Loan,MG-17680,FUR-FU-10000521,1036083,20,7.7,Walk-in
69,05-12-2016,24-12-2016,Home Loan,JE-16165,TEC-PH-10000215,1113039,10,10.6,Walk-in
70,13-03-2016,31-03-2016,Gold Loan,TW-21025,OFF-AP-10000326,84134,20,13.3,Walk-in
71,31-05-2015,17-06-2015,Gold Loan,SP-20650,OFF-PA-10001950,129994,10,12.2,Walk-in
72,28-05-2015,18-06-2015,Home Loan,NK-18490,OFF-AR-10001547,998580,20,2.3,Walk-in
73,01-03-2014,21-03-2014,Personal Loan,DB-13060,FUR-CH-10004063,102315,20,6.9,Website
74,20-11-2016,09-12-2016,Home Loan,NP-18670,OFF-LA-10002475,915977,1,2.6,Referral
75,11-05-2016,27-05-2016,Gold Loan,TT-21070,OFF-PA-10002751,59142,20,15,Walk-in
76,28-12-2015,15-01-2016,Personal Loan,EM-13960,TEC-AC-10003657,107644,5,7.5,Partner Websites
77,16-11-2016,05-12-2016,Home Loan,RD-19900,OFF-EN-10001990,873950,20,4.1,Corporate Campaign
78,07-11-2016,26-11-2016,Home Loan,MJ-17740,OFF-BI-10004002,948151,20,9.4,Partner Websites
79,08-09-2014,27-09-2014,Home Loan,BM-11140,OFF-AR-10004441,813652,10,3.7,Walk-in
80,05-08-2014,24-08-2014,Home Loan,CS-12130,OFF-PA-10000659,856975,1,9.4,Website
81,14-09-2014,04-10-2014,Home Loan,JB-15400,OFF-AP-10000891,761862,20,4.6,Walk-in
82,21-04-2017,10-05-2017,Personal Loan,SJ-20500,OFF-AP-10002684,83507,30,10.8,Walk-in
83,15-12-2015,03-01-2016,Home Loan,JK-15640,OFF-AR-10001940,848867,20,13.2,Walk-in
84,05-12-2014,24-12-2014,Personal Loan,DK-13150,OFF-ST-10003455,122816,20,11.7,Walk-in
85,19-11-2014,09-12-2014,Personal Loan,RM-19675,TEC-PH-10003273,122369,30,8.9,Website
86,28-11-2016,17-12-2016,Home Loan,SK-19990,OFF-BI-10001890,1129129,1,12.9,Walk-in
87,26-08-2014,14-09-2014,Home Loan,FM-14290,TEC-AC-10002323,932175,5,8.6,Walk-in
88,16-07-2016,06-08-2016,Home Loan,AM-10360,OFF-ST-10001328,1096326,1,5.9,Website
89,12-10-2015,29-10-2015,Gold Loan,MP-17470,FUR-BO-10002613,60575,20,15.5,Walk-in
90,31-10-2015,21-11-2015,Home Loan,MZ-17515,OFF-EN-10001509,1137477,5,3.4,Corporate Campaign
91,21-03-2014,09-04-2014,Home Loan,CB-12025,OFF-AR-10004685,1206356,10,13.4,Walk-in
92,06-11-2017,28-11-2017,Home Loan,VM-21685,OFF-ST-10001414,1102635,30,14.2,Walk-in
93,06-07-2017,28-07-2017,Home Loan,FH-14365,OFF-BI-10000343,902292,10,10.1,Corporate Campaign
94,24-06-2017,14-07-2017,Home Loan,MB-17305,OFF-PA-10002666,1019837,1,3.1,Walk-in
95,03-08-2014,20-08-2014,Gold Loan,BS-11755,FUR-TA-10004289,120604,10,11.4,Walk-in
96,17-12-2017,05-01-2018,Personal Loan,LC-17140,OFF-AP-10003217,96816,10,15.9,Website
97,03-06-2017,22-06-2017,Home Loan,HK-14890,FUR-FU-10002960,941036,20,9.3,Walk-in
98,09-12-2017,29-12-2017,Home Loan,LE-16810,TEC-PH-10001918,998475,10,7.4,Website
99,01-12-2017,22-12-2017,Home Loan,JH-15985,OFF-ST-10000642,1246387,1,2.3,Walk-in
100,09-02-2015,28-02-2015,Personal Loan,MS-17980,TEC-AC-10001266,105328,30,9.5,Partner Websites
101,02-01-2015,24-01-2015,Home Loan,VW-21775,OFF-LA-10004544,1089900,10,10.2,Walk-in
102,28-10-2016,16-11-2016,Home Loan,JH-15910,OFF-ST-10001328,1223739,20,7.3,Walk-in
103,24-12-2015,11-01-2016,Gold Loan,JB-15925,OFF-FA-10000585,113618,20,3.9,Walk-in
104,09-08-2015,31-08-2015,Home Loan,DS-13180,OFF-AR-10001026,1123692,20,3.5,Walk-in
105,28-02-2015,19-03-2015,Home Loan,VD-21670,FUR-CH-10004860,896048,10,7,Walk-in
106,13-09-2014,02-10-2014,Home Loan,EA-14035,OFF-BI-10001679,983348,10,14.5,Walk-in
107,12-11-2017,01-12-2017,Home Loan,DB-13120,OFF-PA-10002479,816305,20,14.8,Walk-in
108,04-06-2016,24-06-2016,Personal Loan,KL-16645,OFF-PA-10003349,120343,20,11.1,Website
109,01-06-2014,21-06-2014,Personal Loan,DW-13480,FUR-CH-10004063,123410,30,15.5,Walk-in
110,10-12-2016,30-12-2016,Personal Loan,LH-17155,FUR-CH-10002965,97673,20,13.2,Walk-in
111,11-09-2016,02-10-2016,Home Loan,KC-16540,OFF-PA-10004569,927119,10,3.8,Corporate Campaign
112,10-12-2016,28-12-2016,Gold Loan,DL-13315,OFF-ST-10001228,90091,10,14.3,Corporate Campaign
113,28-11-2015,19-12-2015,Home Loan,DR-12880,FUR-FU-10002505,788561,5,10.3,Walk-in
114,01-12-2017,18-12-2017,Personal Loan,CC-12670,TEC-AC-10000290,113166,30,9.8,Partner Websites
115,08-06-2017,27-06-2017,Home Loan,Dl-13600,OFF-AP-10002203,1046107,20,9.6,Referral
116,19-09-2014,06-10-2014,Personal Loan,SB-20290,TEC-MA-10000822,99855,10,16.2,Corporate Campaign
117,06-06-2016,28-06-2016,Home Loan,RC-19825,TEC-PH-10001433,1075700,10,4.1,Walk-in
118,10-11-2015,30-11-2015,Home Loan,AH-10210,TEC-AC-10004469,1063266,10,8.9,Walk-in
119,16-06-2017,05-07-2017,Home Loan,CB-12535,OFF-AR-10003602,850754,30,8.3,Walk-in
120,09-12-2017,28-12-2017,Home Loan,CA-12310,OFF-ST-10004180,840151,10,15,Walk-in
121,28-12-2017,17-01-2018,Personal Loan,KH-16690,OFF-ST-10003208,84679,5,14.4,Walk-in
122,16-09-2017,02-10-2017,Gold Loan,BB-10990,OFF-PA-10002615,109913,1,5.8,Website
123,13-10-2017,01-11-2017,Home Loan,AG-10495,OFF-PA-10000673,1026085,20,6,Walk-in
124,02-11-2015,21-11-2015,Home Loan,JO-15280,FUR-TA-10002903,1024945,10,2.7,Walk-in
125,18-12-2016,04-01-2017,Personal Loan,AH-10195,OFF-BI-10000778,81158,20,5.8,Walk-in
126,20-11-2016,09-12-2016,Personal Loan,NZ-18565,OFF-FA-10002983,114719,1,17.6,Walk-in
127,26-12-2014,12-01-2015,Gold Loan,KL-16555,FUR-FU-10004091,43684,10,6.8,Website
128,04-05-2015,24-05-2015,Personal Loan,AS-10225,FUR-FU-10002671,105498,10,8.5,Walk-in
129,01-06-2014,21-06-2014,Home Loan,CR-12625,OFF-BI-10001072,1127996,5,3.5,Walk-in
130,15-04-2017,02-05-2017,Gold Loan,SH-20395,OFF-AR-10002804,133243,30,8.4,Walk-in
131,12-09-2016,29-09-2016,Personal Loan,BP-11185,FUR-FU-10001918,103890,10,9.6,Website
132,27-09-2014,18-10-2014,Home Loan,TS-21205,FUR-FU-10001588,1173584,10,9.5,Walk-in
133,09-08-2014,31-08-2014,Home Loan,AG-10525,TEC-PH-10002398,1195785,10,8.2,Walk-in
134,28-12-2014,14-01-2015,Gold Loan,SP-20860,OFF-AR-10003373,131177,30,5.1,Walk-in
135,04-11-2014,24-11-2014,Home Loan,NM-18445,FUR-CH-10002602,1187524,10,6,Partner Websites
136,19-09-2014,09-10-2014,Home Loan,FA-14230,OFF-FA-10000624,1148956,10,6.5,Walk-in
137,23-04-2016,12-05-2016,Home Loan,GK-14620,OFF-BI-10004593,1133115,10,12.5,Walk-in
138,03-11-2017,20-11-2017,Personal Loan,DJ-13510,FUR-FU-10001967,90222,5,17.1,Walk-in
139,30-08-2016,16-09-2016,Gold Loan,PO-18850,TEC-PH-10003645,121681,10,7.9,Partner Websites
140,25-04-2016,14-05-2016,Personal Loan,JL-15850,TEC-PH-10004614,101970,10,8.4,Corporate Campaign
141,01-09-2015,19-09-2015,Personal Loan,DB-13615,OFF-BI-10001922,113953,10,10.3,Walk-in
142,12-07-2014,01-08-2014,Home Loan,AC-10420,OFF-BI-10003314,1189435,30,7.8,Walk-in
143,15-06-2017,04-07-2017,Home Loan,CC-12550,TEC-PH-10002293,1030148,10,11,Walk-in
144,08-07-2017,27-07-2017,Home Loan,TD-20995,OFF-AR-10004027,802999,30,4.5,Website
145,01-09-2016,18-09-2016,Gold Loan,AB-10060,TEC-AC-10000290,63427,30,10.5,Website
146,08-04-2016,28-04-2016,Home Loan,JL-15505,FUR-BO-10002268,901257,10,6.3,Walk-in
147,08-03-2017,26-03-2017,Gold Loan,VB-21745,OFF-AP-10001124,117482,1,5,Walk-in
148,25-09-2017,16-10-2017,Home Loan,KW-16435,OFF-LA-10001158,1129521,1,13.4,Walk-in
149,24-09-2014,14-10-2014,Home Loan,JD-16060,OFF-ST-10001713,1117090,20,9,Walk-in
150,21-10-2016,05-11-2016,Vehicle Loan,MK-17905,OFF-BI-10002412,135899,10,4.7,Referral
151,29-05-2017,19-06-2017,Home Loan,GT-14755,OFF-PA-10002036,839018,10,2.8,Walk-in
152,23-07-2014,11-08-2014,Home Loan,AG-10900,OFF-BI-10001982,1125108,10,8.5,Walk-in
153,28-09-2016,16-10-2016,Gold Loan,MM-18280,OFF-PA-10003039,135120,30,5,Website
154,27-08-2017,16-09-2017,Home Loan,AR-10405,FUR-TA-10004915,837164,10,6.7,Walk-in
155,28-04-2015,20-05-2015,Home Loan,RA-19915,OFF-AP-10000696,891798,10,6.7,Walk-in
156,28-10-2016,13-11-2016,Gold Loan,AS-10285,OFF-PA-10004734,49779,5,7.5,Walk-in
157,26-06-2015,14-07-2015,Personal Loan,LA-16780,TEC-AC-10004708,102241,20,5.4,Walk-in
158,27-11-2015,17-12-2015,Home Loan,DO-13435,FUR-TA-10000617,1008079,20,6.3,Website
159,03-12-2015,22-12-2015,Home Loan,DK-13225,TEC-MA-10001681,868205,10,3.1,Walk-in
160,24-11-2014,11-12-2014,Gold Loan,NG-18430,OFF-AR-10004757,69158,1,15.2,Walk-in
161,11-12-2017,30-12-2017,Home Loan,MV-18190,OFF-BI-10000050,915863,30,4.8,Walk-in
162,21-09-2014,08-10-2014,Personal Loan,JG-15115,TEC-PH-10003012,96044,10,10.7,Website
163,07-06-2014,25-06-2014,Personal Loan,BP-11095,OFF-BI-10003982,111434,10,7,Walk-in
164,30-06-2017,20-07-2017,Home Loan,VP-21730,OFF-BI-10004492,1217900,30,11.7,Walk-in
165,17-10-2017,03-11-2017,Personal Loan,SS-20140,OFF-ST-10000798,84883,10,11.9,Partner Websites
166,08-09-2016,25-09-2016,Personal Loan,AG-10675,OFF-ST-10001580,83670,20,9.6,Website
167,24-12-2014,10-01-2015,Gold Loan,LF-17185,OFF-PA-10001947,104965,5,7.9,Website
168,24-12-2017,13-01-2018,Home Loan,RF-19840,OFF-AP-10004249,978641,20,11.1,Walk-in
169,08-12-2017,27-12-2017,Home Loan,KH-16510,TEC-AC-10000158,778107,10,9.7,Walk-in
170,03-11-2017,22-11-2017,Home Loan,KC-16675,OFF-PA-10000157,962542,1,10.1,Walk-in
171,24-06-2017,13-07-2017,Home Loan,CJ-12010,OFF-AR-10004344,840973,1,7.2,Website
172,14-04-2016,03-05-2016,Home Loan,PB-19150,FUR-CH-10004886,1035926,30,7.5,Website
173,19-10-2017,07-11-2017,Home Loan,MP-17965,FUR-FU-10004712,1125758,1,4.2,Walk-in
174,21-08-2017,07-09-2017,Personal Loan,NF-18385,FUR-CH-10000015,82607,10,10.5,Walk-in
175,12-09-2014,28-09-2014,Gold Loan,SD-20485,TEC-MA-10000029,36571,20,13.1,Walk-in
176,01-10-2017,23-10-2017,Home Loan,KH-16630,OFF-AR-10000369,760563,10,5.1,Walk-in
177,15-04-2016,06-05-2016,Home Loan,RB-19795,OFF-BI-10004584,929076,5,4.1,Walk-in
178,19-12-2014,09-01-2015,Home Loan,MK-18160,OFF-BI-10000773,833908,10,3.5,Website
179,12-06-2016,29-06-2016,Personal Loan,PO-19180,TEC-MA-10002937,122600,20,11,Website
180,15-09-2017,04-10-2017,Home Loan,BB-11545,OFF-PA-10002230,1194982,30,9.6,Walk-in
181,20-03-2017,09-04-2017,Personal Loan,TB-21595,FUR-FU-10000206,77624,20,13.5,Walk-in
182,01-04-2016,18-04-2016,Personal Loan,RB-19360,OFF-AR-10000588,90736,10,6.7,Walk-in
183,20-10-2017,08-11-2017,Home Loan,EB-13705,FUR-TA-10001539,1079437,1,14.8,Walk-in
184,12-02-2014,05-03-2014,Home Loan,SC-20095,FUR-CH-10000225,992509,1,5.4,Walk-in
185,22-04-2016,14-05-2016,Home Loan,TN-21040,FUR-FU-10000023,889000,10,13.2,Walk-in
186,17-01-2015,08-02-2015,Home Loan,JS-15940,FUR-FU-10002918,751832,20,5.6,Walk-in
187,20-12-2015,08-01-2016,Home Loan,MH-17785,OFF-PA-10004071,773200,10,14.1,Website
188,09-11-2014,26-11-2014,Personal Loan,JP-15520,OFF-ST-10002743,111317,10,10.4,Walk-in
189,27-10-2016,17-11-2016,Home Loan,JE-15475,FUR-FU-10002671,918043,10,5.7,Walk-in
190,26-06-2016,17-07-2016,Home Loan,JG-15805,OFF-AR-10003045,1075220,20,7.5,Walk-in
191,06-10-2014,25-10-2014,Home Loan,XP-21865,TEC-AC-10001445,891034,20,11.2,Walk-in
192,22-07-2014,11-08-2014,Home Loan,EM-14065,OFF-AR-10002053,876105,20,7.9,Walk-in
193,10-06-2017,28-06-2017,Gold Loan,MT-18070,OFF-LA-10003923,95500,20,14.8,Walk-in
194,29-10-2014,15-11-2014,Gold Loan,SA-20830,TEC-PH-10001363,34227,1,7,Walk-in
195,09-06-2014,28-06-2014,Personal Loan,CW-11905,TEC-PH-10000376,100467,20,18,Website
196,14-09-2014,04-10-2014,Home Loan,AJ-10960,OFF-ST-10001809,1099481,1,4.6,Walk-in
197,09-05-2016,29-05-2016,Home Loan,SS-20590,TEC-AC-10000991,1233879,1,12.5,Website
198,18-03-2016,05-04-2016,Personal Loan,RO-19780,FUR-TA-10001857,88400,20,12,Walk-in
199,27-12-2015,15-01-2016,Home Loan,MD-17350,OFF-EN-10001434,854920,30,2.7,Walk-in
200,30-05-2016,19-06-2016,Home Loan,MY-17380,OFF-BI-10001670,1154605,1,10.9,Referral
201,16-03-2015,06-04-2015,Home Loan,CM-12385,OFF-AR-10001662,997883,30,4.7,Website
202,26-11-2017,12-12-2017,Gold Loan,LS-17245,FUR-FU-10001290,97110,30,10.4,Walk-in
203,21-12-2017,09-01-2018,Home Loan,BN-11515,OFF-AR-10003811,975611,10,5.5,Walk-in
204,22-03-2015,10-04-2015,Home Loan,DB-13210,TEC-AC-10000171,989366,20,11.6,Walk-in
205,23-01-2017,09-02-2017,Gold Loan,MC-17605,FUR-TA-10001857,57966,5,4,Walk-in
206,26-12-2015,17-01-2016,Home Loan,BD-11605,OFF-FA-10002815,1212200,30,8.4,Walk-in
207,21-10-2017,10-11-2017,Home Loan,PH-18790,FUR-CH-10003379,759210,30,13.6,Walk-in
208,03-09-2015,22-09-2015,Home Loan,MG-18145,OFF-ST-10004963,953754,30,14,Walk-in
209,07-11-2015,24-11-2015,Personal Loan,KB-16240,FUR-CH-10000595,90294,30,14.8,Website
210,07-09-2017,26-09-2017,Home Loan,JC-15340,FUR-FU-10000448,923015,20,10.8,Corporate Campaign
211,29-05-2016,16-06-2016,Personal Loan,RL-19615,TEC-PH-10000984,106539,30,15.1,Walk-in
212,10-07-2016,31-07-2016,Home Loan,AA-10375,OFF-ST-10001325,1121862,10,14.2,Walk-in
213,03-09-2017,23-09-2017,Personal Loan,EP-13915,OFF-BI-10002429,97805,10,14.1,Walk-in
214,07-12-2015,26-12-2015,Home Loan,DK-12985,OFF-AP-10001271,819947,1,8.6,Partner Websites
215,01-02-2014,18-02-2014,Gold Loan,BD-11500,TEC-AC-10001432,100580,30,9.5,Walk-in
216,18-12-2015,07-01-2016,Home Loan,LM-17065,OFF-ST-10001809,1040419,20,6.5,Walk-in
217,19-11-2017,07-12-2017,Gold Loan,AS-10135,OFF-BI-10000404,120006,20,10.5,Walk-in
218,15-04-2016,02-05-2016,Personal Loan,BD-11320,FUR-CH-10002024,123418,10,15.6,Walk-in
219,24-11-2017,13-12-2017,Home Loan,GT-14710,OFF-FA-10004248,1072699,10,7.2,Walk-in
220,03-03-2014,22-03-2014,Personal Loan,AJ-10945,OFF-AR-10003560,91638,30,15.8,Walk-in
221,10-06-2016,30-06-2016,Home Loan,OT-18730,OFF-LA-10001297,1225699,10,10,Referral
222,20-11-2017,07-12-2017,Personal Loan,LP-17080,FUR-FU-10003347,94688,20,12.8,Walk-in
223,14-09-2014,03-10-2014,Personal Loan,CA-12775,OFF-AP-10003914,108247,30,11.6,Website
224,07-12-2015,24-12-2015,Gold Loan,JF-15490,OFF-FA-10003467,92125,20,4,Walk-in
225,07-12-2017,25-12-2017,Gold Loan,FP-14320,TEC-PH-10002496,122905,30,12.6,Partner Websites
226,01-10-2017,23-10-2017,Home Loan,EB-13840,OFF-PA-10004530,910821,20,14.8,Walk-in
227,28-12-2017,19-01-2018,Home Loan,JF-15415,OFF-LA-10001297,1087456,10,9.8,Walk-in
228,03-11-2016,22-11-2016,Home Loan,SF-20200,OFF-AR-10003394,1216122,30,6.3,Walk-in
229,18-09-2015,07-10-2015,Personal Loan,TG-21640,OFF-PA-10004530,120385,20,14.9,Walk-in
230,20-07-2017,10-08-2017,Home Loan,CS-11950,OFF-ST-10002974,814853,10,6.3,Walk-in
231,10-09-2015,29-09-2015,Home Loan,CC-12145,OFF-SU-10004498,1063320,30,7,Walk-in
232,01-12-2017,20-12-2017,Home Loan,DV-13465,TEC-PH-10004977,1181950,5,14.3,Walk-in
233,03-07-2015,24-07-2015,Home Loan,BD-11725,FUR-CH-10003956,1214738,10,7.3,Partner Websites
234,20-03-2016,08-04-2016,Home Loan,ZC-21910,TEC-PH-10003800,1150400,30,5.2,Website
235,09-01-2014,28-01-2014,Home Loan,MS-17830,OFF-AR-10004078,879204,30,5,Walk-in
236,08-08-2014,30-08-2014,Home Loan,LR-16915,OFF-AP-10004708,1231124,20,5.9,Walk-in
237,14-07-2016,31-07-2016,Gold Loan,TP-21130,OFF-SU-10004115,65207,10,15.4,Walk-in
238,16-07-2016,05-08-2016,Home Loan,CK-12205,TEC-PH-10001425,1167223,10,8.1,Corporate Campaign
239,15-03-2014,03-04-2014,Home Loan,AS-10240,OFF-ST-10001490,818663,20,2.2,Referral
240,23-05-2014,11-06-2014,Home Loan,AR-10510,OFF-BI-10000848,1162200,20,11.6,Walk-in
241,28-04-2016,16-05-2016,Gold Loan,NB-18655,TEC-PH-10003012,70724,10,15.4,Walk-in
242,11-09-2016,28-09-2016,Personal Loan,GD-14590,OFF-PA-10001204,122647,30,8.4,Website
243,14-11-2017,02-12-2017,Personal Loan,CK-12595,TEC-PH-10000011,87185,20,6.9,Partner Websites
244,18-08-2017,07-09-2017,Personal Loan,NG-18355,FUR-FU-10003849,123849,1,8.6,Walk-in
245,26-12-2014,15-01-2015,Home Loan,CA-12265,OFF-BI-10002103,1078605,10,3,Walk-in
246,29-11-2015,18-12-2015,Home Loan,SF-20965,FUR-CH-10004853,1052741,1,5.3,Website
247,15-09-2017,04-10-2017,Home Loan,MO-17800,FUR-FU-10000221,1012893,30,9.4,Walk-in
248,19-05-2017,07-06-2017,Home Loan,AT-10735,OFF-AP-10001563,917036,30,3.9,Walk-in
249,11-12-2016,28-12-2016,Personal Loan,FM-14380,OFF-ST-10001963,106539,10,14.5,Walk-in
250,04-10-2015,24-10-2015,Personal Loan,DJ-13420,FUR-CH-10001482,121180,20,8.1,Walk-in
251,15-08-2016,05-09-2016,Home Loan,ME-17725,OFF-BI-10001989,1171290,10,12.1,Walk-in
252,18-12-2016,06-01-2017,Home Loan,JD-16150,FUR-FU-10000732,1033557,10,12.5,Walk-in
253,30-07-2017,18-08-2017,Personal Loan,JL-15835,OFF-ST-10000585,100852,5,14.2,Walk-in
254,10-06-2017,30-06-2017,Home Loan,SC-20305,TEC-AC-10003832,805665,30,11.3,Partner Websites
255,30-12-2017,20-01-2018,Home Loan,CC-12430,OFF-AP-10002457,847638,1,12,Walk-in
256,11-12-2016,31-12-2016,Personal Loan,AR-10825,FUR-FU-10001935,124363,30,15.4,Walk-in
257,23-10-2016,13-11-2016,Home Loan,SR-20740,OFF-PA-10000482,1030101,1,6.1,Corporate Campaign
258,22-08-2016,12-09-2016,Home Loan,CR-12730,OFF-AP-10002439,810521,30,2.8,Website
259,19-09-2016,04-10-2016,Vehicle Loan,EH-14125,FUR-CH-10001215,129400,20,8.6,Walk-in
260,26-03-2016,14-04-2016,Home Loan,SP-20545,OFF-ST-10001522,1018687,10,7.6,Walk-in
261,08-06-2017,25-06-2017,Personal Loan,TH-21235,OFF-SU-10004231,113447,10,11.6,Walk-in
262,24-12-2014,10-01-2015,Gold Loan,RP-19390,FUR-FU-10003096,86690,1,7.1,Walk-in
263,05-12-2017,23-12-2017,Gold Loan,RB-19570,OFF-AP-10004532,20565,20,4.6,Walk-in
264,18-03-2017,07-04-2017,Home Loan,CD-11980,OFF-AP-10000804,979473,30,8.5,Walk-in
265,19-11-2016,09-12-2016,Home Loan,DJ-13630,OFF-BI-10003305,1032996,20,8.5,Website
266,04-11-2017,19-11-2017,Vehicle Loan,GT-14635,TEC-MA-10004125,170257,10,14.6,Walk-in
267,05-07-2014,23-07-2014,Gold Loan,MC-17845,TEC-AC-10003911,91109,1,9.3,Walk-in
268,25-12-2017,13-01-2018,Home Loan,RA-19285,FUR-BO-10004015,1155306,10,11.1,Walk-in
269,21-06-2014,08-07-2014,Personal Loan,NP-18325,FUR-FU-10004071,114245,20,5.4,Walk-in
270,28-03-2015,17-04-2015,Home Loan,AB-10165,TEC-AC-10002253,800058,10,7.2,Walk-in
271,14-05-2015,01-06-2015,Gold Loan,JO-15550,OFF-AR-10003373,123293,5,14.1,Walk-in
272,09-04-2015,29-04-2015,Home Loan,JK-15370,FUR-TA-10002774,1122960,10,4.5,Walk-in
273,12-09-2014,02-10-2014,Home Loan,BN-11470,OFF-PA-10001800,1132450,10,12.5,Corporate Campaign
274,02-12-2014,19-12-2014,Gold Loan,DP-13165,TEC-AC-10003628,34194,1,4.6,Website
275,05-04-2014,22-04-2014,Gold Loan,TH-21550,OFF-PA-10004071,98554,30,6.3,Walk-in
276,03-09-2017,22-09-2017,Home Loan,AP-10915,OFF-EN-10001219,1078490,30,2.8,Walk-in
277,19-05-2017,08-06-2017,Home Loan,RS-19765,OFF-AP-10001154,947660,10,14.3,Walk-in
278,11-01-2014,29-01-2014,Gold Loan,SV-20365,FUR-FU-10000010,52857,1,11.3,Corporate Campaign
279,02-06-2014,22-06-2014,Home Loan,CK-12325,OFF-BI-10001658,1082416,30,10.6,Walk-in
280,13-02-2016,04-03-2016,Home Loan,RD-19810,OFF-PA-10004092,826644,10,5.2,Walk-in
281,07-10-2014,28-10-2014,Home Loan,MR-17545,FUR-FU-10000222,987485,10,2.9,Walk-in
282,07-07-2016,27-07-2016,Home Loan,SC-20695,OFF-SU-10004664,1139143,30,12.6,Walk-in
283,16-09-2017,05-10-2017,Home Loan,JF-15355,OFF-EN-10001141,1170887,30,13.6,Website
284,03-12-2016,21-12-2016,Gold Loan,EG-13900,OFF-PA-10001954,52873,20,13.2,Walk-in
285,21-01-2017,09-02-2017,Home Loan,DS-13030,OFF-ST-10000736,918669,30,5.3,Walk-in
286,04-01-2014,23-01-2014,Home Loan,PO-19195,OFF-LA-10003223,1024088,10,8.6,Website
287,27-08-2016,16-09-2016,Home Loan,SS-20875,OFF-SU-10004498,1187813,10,2.5,Website
288,20-03-2016,06-04-2016,Personal Loan,PB-19105,TEC-PH-10000004,108713,5,15,Walk-in
289,02-10-2017,21-10-2017,Home Loan,RF-19735,OFF-BI-10003638,819460,30,11.3,Corporate Campaign
290,07-04-2016,24-04-2016,Gold Loan,YC-21895,TEC-CO-10002095,31524,10,12.6,Walk-in
291,29-12-2014,17-01-2015,Home Loan,DC-13285,OFF-ST-10002444,781430,20,8.8,Walk-in
292,23-07-2017,12-08-2017,Home Loan,CP-12340,OFF-BI-10000848,959272,10,13.4,Website
293,18-09-2017,07-10-2017,Home Loan,BF-11020,OFF-PA-10002377,1155765,30,4.2,Walk-in
294,08-02-2015,28-02-2015,Home Loan,LH-17020,TEC-PH-10003931,1245317,10,11.2,Walk-in
295,13-01-2014,30-01-2014,Personal Loan,CS-12250,OFF-EN-10001990,124784,10,5.9,Website
296,14-05-2014,04-06-2014,Home Loan,AJ-10795,FUR-FU-10004306,971983,10,7.9,Website
297,30-01-2017,20-02-2017,Home Loan,BV-11245,OFF-BI-10001036,1053353,10,6.1,Walk-in
298,29-06-2014,21-07-2014,Home Loan,DL-12865,OFF-AR-10003405,789361,30,8.2,Website
299,03-10-2015,21-10-2015,Personal Loan,BM-11785,OFF-BI-10001098,114058,1,9.2,Website
300,12-12-2015,31-12-2015,Home Loan,LT-17110,FUR-CH-10004675,1056935,30,10.4,Corporate Campaign
301,20-05-2016,04-06-2016,Vehicle Loan,JK-15730,TEC-PH-10001530,271290,30,2.9,Partner Websites
302,20-09-2014,11-10-2014,Home Loan,ES-14020,OFF-LA-10001569,1241960,30,3.9,Corporate Campaign
303,21-09-2017,11-10-2017,Home Loan,RH-19495,OFF-BI-10000546,970810,10,4.5,Website
304,27-11-2015,18-12-2015,Home Loan,CD-11920,FUR-CH-10002647,760095,10,10.7,Website
305,20-02-2017,10-03-2017,Gold Loan,HW-14935,FUR-FU-10004090,63119,1,14.2,Website
306,12-03-2016,01-04-2016,Home Loan,MC-18130,OFF-PA-10003953,1144134,20,10.4,Walk-in
307,22-04-2017,09-05-2017,Gold Loan,GM-14440,FUR-FU-10000794,20342,20,10.8,Walk-in
308,14-05-2017,29-05-2017,Vehicle Loan,PJ-19015,FUR-FU-10000794,133630,10,3.7,Walk-in
309,20-03-2015,07-04-2015,Gold Loan,BW-11110,OFF-PA-10000061,73788,30,13.9,Walk-in
310,20-06-2017,12-07-2017,Home Loan,TR-21325,TEC-AC-10002402,789997,10,14.5,Walk-in
311,09-05-2014,30-05-2014,Home Loan,PG-18820,TEC-AC-10003441,854275,20,8.1,Walk-in
312,04-11-2017,26-11-2017,Home Loan,JL-15175,OFF-PA-10001560,875525,10,14.5,Referral
313,20-11-2015,10-12-2015,Home Loan,BM-11650,OFF-AR-10004648,1063520,30,14.5,Walk-in
314,07-11-2016,24-11-2016,Gold Loan,EM-14095,OFF-BI-10001294,71984,1,3.8,Walk-in
315,13-10-2015,01-11-2015,Home Loan,AF-10885,TEC-PH-10001552,831952,1,2.6,Walk-in
316,01-01-2017,21-01-2017,Home Loan,GA-14725,FUR-FU-10003878,906049,20,7.1,Partner Websites
317,07-02-2014,27-02-2014,Home Loan,CK-12760,TEC-AC-10000710,815405,1,5.9,Walk-in
318,20-06-2016,10-07-2016,Personal Loan,DP-13105,OFF-AR-10002335,100211,5,13.9,Walk-in
319,03-08-2014,23-08-2014,Home Loan,BK-11260,OFF-PA-10001019,1096394,30,12.6,Walk-in
320,10-04-2017,30-04-2017,Home Loan,SJ-20125,OFF-PA-10004569,1079375,30,3.7,Walk-in
321,09-06-2014,01-07-2014,Home Loan,CM-12445,OFF-SU-10001225,1122273,1,4.2,Walk-in
322,10-01-2014,30-01-2014,Home Loan,AJ-10780,OFF-LA-10004272,1085926,20,12.6,Walk-in
323,29-09-2016,17-10-2016,Gold Loan,LS-16945,OFF-LA-10004853,115059,1,14.9,Walk-in
324,06-04-2014,25-04-2014,Home Loan,GP-14740,OFF-BI-10003719,1175881,1,6.8,Walk-in
325,03-09-2016,20-09-2016,Gold Loan,PK-18910,OFF-BI-10000545,86644,30,11.3,Walk-in
326,10-12-2014,30-12-2014,Home Loan,SM-20005,OFF-PA-10004470,1185014,10,4.2,Walk-in
327,17-09-2014,06-10-2014,Home Loan,AG-10765,OFF-BI-10003712,1098576,5,11.8,Website
328,22-10-2016,08-11-2016,Gold Loan,PM-19135,FUR-FU-10000732,100953,30,8,Walk-in
329,29-04-2014,19-05-2014,Home Loan,LL-16840,FUR-FU-10001424,1219096,20,8.8,Walk-in
330,25-04-2015,13-05-2015,Personal Loan,JS-15595,OFF-BI-10002071,100329,10,16.7,Walk-in
331,14-10-2017,03-11-2017,Home Loan,EL-13735,OFF-BI-10001078,1016287,30,2,Walk-in
332,10-11-2016,27-11-2016,Gold Loan,PC-18745,OFF-ST-10002205,131882,10,10.6,Walk-in
333,03-10-2016,21-10-2016,Personal Loan,HL-15040,OFF-EN-10001099,114536,5,7.5,Website
334,09-09-2014,30-09-2014,Home Loan,MS-17365,OFF-LA-10003923,1112318,1,2.8,Walk-in
335,29-10-2017,15-11-2017,Personal Loan,GB-14530,OFF-PA-10002250,84428,10,11.2,Walk-in
336,10-04-2016,27-04-2016,Gold Loan,JR-16210,OFF-BI-10004716,100606,1,13.9,Walk-in
337,02-09-2017,22-09-2017,Home Loan,BE-11335,TEC-PH-10001494,984384,1,7,Walk-in
338,31-05-2015,22-06-2015,Home Loan,SC-20050,FUR-FU-10001935,906316,30,6.4,Walk-in
339,05-03-2016,26-03-2016,Home Loan,RW-19630,OFF-EN-10000056,1090001,30,12,Website
340,11-04-2015,30-04-2015,Home Loan,SE-20110,TEC-AC-10002473,1156208,30,6.4,Walk-in
341,15-09-2016,05-10-2016,Home Loan,AH-10075,OFF-BI-10003650,1140607,10,2.2,Referral
342,13-09-2014,01-10-2014,Gold Loan,JM-15535,OFF-PA-10003543,103507,30,13.5,Walk-in
343,05-10-2015,24-10-2015,Home Loan,JJ-15760,OFF-AR-10000658,760109,30,10.7,Corporate Campaign
344,02-09-2017,21-09-2017,Home Loan,RK-19300,OFF-PA-10002195,839335,1,13.6,Referral
345,20-06-2016,09-07-2016,Home Loan,CG-12040,OFF-PA-10001745,897000,30,4.3,Walk-in
346,13-12-2015,01-01-2016,Home Loan,RP-19270,OFF-PA-10000289,985612,30,7.7,Walk-in
347,19-06-2016,05-07-2016,Gold Loan,KC-16255,OFF-PA-10000350,92960,30,12.6,Walk-in
348,03-04-2017,22-04-2017,Home Loan,KH-16360,FUR-FU-10001940,1011561,30,9.1,Walk-in
349,28-12-2017,16-01-2018,Home Loan,GH-14665,OFF-AR-10001958,870753,10,5.5,Walk-in
350,30-11-2017,19-12-2017,Home Loan,SW-20275,OFF-ST-10000604,1077161,30,7.8,Corporate Campaign
351,15-05-2017,02-06-2017,Personal Loan,JA-15970,TEC-PH-10002923,77816,10,16.4,Walk-in
352,22-09-2015,07-10-2015,Vehicle Loan,DL-12925,FUR-FU-10004188,265331,5,14.4,Walk-in
353,14-11-2017,04-12-2017,Home Loan,LW-16990,FUR-CH-10002965,1216640,30,6.5,Walk-in
354,27-11-2015,16-12-2015,Home Loan,TB-21190,OFF-BI-10000145,946970,20,6.8,Walk-in
355,09-04-2017,26-04-2017,Gold Loan,BS-11800,OFF-LA-10004055,20274,1,12.4,Website
356,30-05-2016,15-06-2016,Gold Loan,RW-19690,OFF-BI-10000848,117655,30,9,Walk-in
357,11-11-2014,29-11-2014,Personal Loan,TZ-21580,OFF-AR-10000034,118638,20,11.9,Website
358,29-09-2017,20-10-2017,Home Loan,AS-10630,OFF-LA-10001569,1186572,10,8,Walk-in
359,10-03-2015,25-03-2015,Vehicle Loan,TS-21340,OFF-BI-10004022,214483,20,9,Walk-in
360,29-03-2015,15-04-2015,Personal Loan,SL-20155,FUR-CH-10004086,114856,30,8.9,Walk-in
361,21-05-2014,09-06-2014,Home Loan,MW-18235,OFF-BI-10003925,871162,30,8.4,Walk-in
362,28-10-2015,18-11-2015,Home Loan,RD-19585,OFF-EN-10003862,914826,5,13.2,Website
363,27-08-2015,15-09-2015,Home Loan,RA-19945,OFF-ST-10000046,1014915,1,8.3,Walk-in
364,06-11-2015,24-11-2015,Gold Loan,MT-17815,OFF-EN-10002600,57774,5,8.5,Walk-in
365,24-11-2014,11-12-2014,Gold Loan,VG-21790,FUR-FU-10001602,137590,30,6.7,Walk-in
366,21-12-2015,08-01-2016,Personal Loan,JS-15880,FUR-TA-10003748,102693,30,9,Walk-in
367,06-07-2015,25-07-2015,Home Loan,KM-16225,FUR-FU-10002191,1212956,30,7.2,Walk-in
368,17-12-2017,04-01-2018,Gold Loan,HR-14770,OFF-BI-10000320,41504,20,10.3,Walk-in
369,11-01-2016,28-01-2016,Personal Loan,DE-13255,OFF-PA-10001166,87777,30,16.7,Walk-in
370,20-11-2016,07-12-2016,Gold Loan,AG-10390,OFF-PA-10000955,28271,1,12.3,Partner Websites
371,13-06-2015,29-06-2015,Gold Loan,JJ-15445,OFF-BI-10003707,108083,10,4.4,Website
372,20-11-2017,06-12-2017,Gold Loan,JH-15430,OFF-AR-10000203,54172,20,3.9,Walk-in
373,20-03-2016,08-04-2016,Home Loan,RD-19660,FUR-TA-10001095,991441,30,13,Walk-in
374,06-09-2016,24-09-2016,Personal Loan,MO-17500,TEC-AC-10004761,92595,5,8.7,Website
375,09-07-2017,27-07-2017,Gold Loan,NS-18640,OFF-AR-10001130,82163,10,13.4,Walk-in
376,03-07-2015,20-07-2015,Gold Loan,DG-13300,FUR-FU-10000293,27322,20,9.8,Walk-in
377,04-04-2015,23-04-2015,Home Loan,NF-18595,OFF-AR-10000716,1165515,1,5.4,Walk-in
378,24-11-2016,16-12-2016,Home Loan,MG-17650,OFF-FA-10001754,809579,30,12.8,Walk-in
379,16-04-2015,06-05-2015,Home Loan,TS-21160,OFF-AP-10002350,1144667,10,5,Walk-in
380,01-10-2016,17-10-2016,Gold Loan,BD-11620,FUR-CH-10001146,107441,10,10.3,Website
381,28-09-2017,15-10-2017,Personal Loan,CM-12160,OFF-SU-10001935,120053,30,6.3,Walk-in
382,20-11-2015,11-12-2015,Home Loan,SN-20560,OFF-AR-10003732,1000589,20,8.7,Walk-in
383,28-04-2016,17-05-2016,Home Loan,EH-14005,OFF-PA-10001970,1188018,20,9.1,Website
384,14-11-2017,04-12-2017,Home Loan,FO-14305,OFF-BI-10003669,860401,20,4.7,Walk-in
385,12-11-2016,04-12-2016,Home Loan,MS-17710,OFF-BI-10003727,931117,1,5.3,Walk-in
386,29-09-2016,15-10-2016,Gold Loan,CC-12100,OFF-AR-10000255,98669,10,9.5,Walk-in
387,23-09-2017,10-10-2017,Personal Loan,DW-13540,OFF-AP-10002191,118303,10,17.9,Walk-in
388,29-11-2015,19-12-2015,Home Loan,BT-11395,OFF-PA-10000349,917722,30,14.9,Walk-in
389,15-08-2016,04-09-2016,Personal Loan,CY-12745,TEC-PH-10004896,109093,30,12.3,Walk-in
390,27-12-2015,15-01-2016,Home Loan,BT-11485,OFF-PA-10000605,869297,30,11.1,Walk-in
391,21-01-2017,10-02-2017,Home Loan,PS-19045,OFF-ST-10004340,1109128,30,10.4,Website
392,14-06-2016,02-07-2016,Gold Loan,PV-18985,OFF-AR-10001545,39716,1,11.3,Referral
393,21-10-2016,11-11-2016,Home Loan,NM-18520,OFF-PA-10001892,847747,20,5.9,Walk-in
394,22-07-2016,08-08-2016,Personal Loan,DL-13495,OFF-LA-10003766,108804,5,5.8,Website
395,04-09-2015,23-09-2015,Home Loan,CS-12355,OFF-PA-10001970,938824,5,4.7,Walk-in
396,12-11-2016,30-11-2016,Personal Loan,FH-14275,OFF-EN-10002831,108157,10,8.4,Walk-in
397,04-04-2015,19-04-2015,Vehicle Loan,NC-18340,OFF-AP-10003849,269788,10,11.1,Walk-in
398,29-06-2017,19-07-2017,Home Loan,AA-10315,OFF-AP-10000576,798521,5,12.6,Walk-in
399,01-09-2014,20-09-2014,Personal Loan,LT-16765,OFF-AR-10004042,105001,10,7.4,Website
400,03-03-2014,23-03-2014,Home Loan,AP-10720,TEC-PH-10004700,897756,10,11.4,Walk-in
401,04-05-2014,23-05-2014,Home Loan,PM-18940,OFF-BI-10001294,866787,1,9.5,Walk-in
402,27-12-2014,14-01-2015,Personal Loan,AT-10435,OFF-LA-10004425,94082,20,12.5,Walk-in
403,24-04-2016,12-05-2016,Personal Loan,CA-12055,TEC-AC-10003174,109284,10,6.8,Walk-in
404,24-11-2014,15-12-2014,Home Loan,HR-14830,OFF-BI-10004656,962407,10,9.4,Partner Websites
405,26-02-2017,15-03-2017,Personal Loan,BT-11530,OFF-AP-10004532,102011,10,5.4,Walk-in
406,01-08-2017,19-08-2017,Gold Loan,LH-16750,TEC-PH-10002660,91620,1,5.8,Website
407,14-07-2016,02-08-2016,Personal Loan,SW-20755,OFF-ST-10004634,114522,30,7.9,Walk-in
408,09-09-2017,28-09-2017,Home Loan,SP-20620,FUR-CH-10004860,915320,20,12.9,Website
409,12-07-2014,31-07-2014,Home Loan,BF-11170,OFF-ST-10000107,1043189,20,6.4,Walk-in
410,31-10-2015,17-11-2015,Personal Loan,KT-16480,OFF-AR-10000369,118463,30,12.6,Corporate Campaign
411,30-05-2016,16-06-2016,Gold Loan,BG-11695,TEC-CO-10001046,139058,10,6.8,Corporate Campaign
412,11-08-2014,30-08-2014,Home Loan,GM-14680,FUR-FU-10003691,868720,10,4.5,Walk-in
413,14-05-2017,05-06-2017,Home Loan,EJ-14155,OFF-EN-10004955,833549,10,11.8,Walk-in
414,12-12-2014,29-12-2014,Personal Loan,NP-18700,FUR-TA-10004619,99426,10,10.8,Walk-in
415,10-03-2017,29-03-2017,Home Loan,MH-18115,OFF-AR-10003958,1123779,10,6.2,Walk-in
416,23-10-2017,11-11-2017,Home Loan,JR-15700,TEC-PH-10004586,1135768,5,14,Walk-in
417,28-10-2016,19-11-2016,Home Loan,SM-20950,OFF-BI-10004236,865395,10,14.2,Website
418,01-10-2016,17-10-2016,Gold Loan,CC-12220,TEC-PH-10000215,119381,30,7.6,Website
419,02-09-2017,22-09-2017,Home Loan,PF-19225,OFF-AR-10000422,1161629,10,8.5,Walk-in
420,04-06-2017,23-06-2017,Home Loan,DC-12850,OFF-PA-10002870,1150453,1,11.3,Walk-in
421,02-05-2016,22-05-2016,Home Loan,BD-11770,OFF-AR-10004022,1085365,30,9,Corporate Campaign
422,26-06-2016,18-07-2016,Home Loan,GM-14500,OFF-ST-10000617,921285,20,4.4,Walk-in
423,22-11-2016,11-12-2016,Home Loan,TB-21355,FUR-FU-10000397,955716,10,6.7,Corporate Campaign
424,25-05-2015,13-06-2015,Home Loan,JH-16180,OFF-AP-10004487,1013155,20,2.1,Walk-in
425,30-12-2017,18-01-2018,Home Loan,EB-13975,OFF-BI-10002103,1043738,5,8.3,Walk-in
426,08-12-2016,27-12-2016,Personal Loan,QJ-19255,TEC-PH-10003555,93720,20,17.6,Walk-in
427,19-09-2015,09-10-2015,Personal Loan,TC-21535,FUR-BO-10003433,103879,1,8.2,Walk-in
428,03-07-2017,22-07-2017,Home Loan,CS-12460,FUR-FU-10002554,887919,10,11.7,Corporate Campaign
429,18-12-2016,07-01-2017,Home Loan,HG-14965,OFF-PA-10003072,929874,10,4,Website
430,01-07-2014,20-07-2014,Home Loan,LW-16825,TEC-PH-10004586,806031,30,7.9,Partner Websites
431,03-02-2017,23-02-2017,Home Loan,MC-17575,OFF-BI-10002071,891041,30,14.2,Walk-in
432,03-03-2017,23-03-2017,Home Loan,LP-17095,OFF-AP-10004859,1137250,10,4.2,Walk-in
433,09-10-2017,25-10-2017,Gold Loan,EB-14170,OFF-PA-10002659,44090,10,15.6,Walk-in
434,28-09-2014,18-10-2014,Home Loan,GZ-14545,OFF-ST-10001321,761328,10,5.9,Website
435,30-03-2016,16-04-2016,Gold Loan,CP-12085,OFF-PA-10004156,56535,5,4.4,Walk-in
436,15-10-2017,02-11-2017,Personal Loan,FG-14260,OFF-AR-10002818,98988,20,9.5,Walk-in
437,23-05-2016,11-06-2016,Home Loan,LD-17005,FUR-FU-10003691,906177,20,10.2,Website
438,02-06-2017,21-06-2017,Home Loan,AB-10255,TEC-PH-10000347,920243,10,9.8,Website
439,16-02-2014,08-03-2014,Home Loan,MN-17935,OFF-BI-10002012,1242770,30,8.3,Walk-in
440,16-05-2016,07-06-2016,Home Loan,JR-15670,OFF-ST-10002574,890946,20,6.8,Corporate Campaign
441,02-04-2017,22-04-2017,Home Loan,JF-15190,FUR-FU-10003724,821647,5,2.4,Walk-in
442,31-03-2017,17-04-2017,Personal Loan,CM-12115,FUR-FU-10004018,106722,10,17.2,Walk-in
443,02-01-2017,19-01-2017,Gold Loan,AS-10045,TEC-MA-10002178,135438,20,3.9,Walk-in
444,03-10-2014,23-10-2014,Personal Loan,BP-11290,FUR-CH-10002880,76246,30,16.5,Walk-in
445,05-05-2016,22-05-2016,Gold Loan,ND-18370,OFF-PA-10003641,100213,10,5.4,Website
446,26-04-2017,12-05-2017,Gold Loan,LB-16735,FUR-FU-10000010,60650,5,11.4,Walk-in
447,26-09-2014,16-10-2014,Personal Loan,KT-16465,FUR-CH-10002961,99399,20,15.3,Walk-in
448,19-10-2017,09-11-2017,Home Loan,HM-14860,OFF-AR-10002956,1045049,20,2.8,Corporate Campaign
449,10-11-2017,26-11-2017,Gold Loan,AB-10600,OFF-BI-10001036,53114,30,9.6,Walk-in
450,08-07-2017,26-07-2017,Gold Loan,SZ-20035,FUR-FU-10001588,124126,30,7.9,Walk-in
451,07-03-2017,27-03-2017,Home Loan,MG-17890,TEC-AC-10004510,1043278,10,14.1,Walk-in
452,03-09-2016,24-09-2016,Home Loan,JK-16120,FUR-FU-10003394,809919,1,11.6,Referral
453,05-02-2016,20-02-2016,Vehicle Loan,PP-18955,OFF-ST-10002344,255095,20,9.6,Website
454,03-07-2017,19-07-2017,Gold Loan,YS-21880,OFF-AR-10003514,65847,20,6.2,Walk-in
455,01-11-2016,20-11-2016,Home Loan,KM-16375,TEC-PH-10003988,977061,10,8.5,Walk-in
456,25-09-2016,15-10-2016,Home Loan,AB-10105,FUR-TA-10002356,1123979,5,9.2,Walk-in
457,30-06-2014,20-07-2014,Home Loan,HA-14905,OFF-BI-10002867,972549,30,3.3,Corporate Campaign
458,28-01-2017,15-02-2017,Personal Loan,BT-11305,TEC-AC-10000580,98668,20,17.4,Walk-in
459,21-09-2015,09-10-2015,Gold Loan,SV-20815,TEC-PH-10002922,76313,1,7.9,Walk-in
460,26-09-2015,15-10-2015,Home Loan,RW-19540,OFF-PA-10000501,1224876,5,14.6,Walk-in
461,31-10-2015,19-11-2015,Personal Loan,DK-12835,OFF-BI-10002949,87373,5,6.4,Website
462,20-06-2017,12-07-2017,Home Loan,ST-20530,OFF-PA-10001639,1216536,5,6.9,Walk-in
463,19-12-2017,08-01-2018,Personal Loan,MM-17920,OFF-BI-10001510,117237,10,10.5,Website
464,05-08-2017,23-08-2017,Gold Loan,PW-19030,OFF-PA-10002713,31073,10,13.5,Walk-in
465,01-10-2015,21-10-2015,Home Loan,SC-20440,OFF-ST-10002974,902453,1,9.7,Walk-in
466,19-07-2015,04-08-2015,Gold Loan,TS-21085,OFF-BI-10004352,21740,30,12.8,Walk-in
467,26-11-2016,14-12-2016,Gold Loan,MC-17425,OFF-PA-10001685,98112,10,12.8,Walk-in
468,12-06-2017,04-07-2017,Home Loan,ME-17320,OFF-BI-10000977,1238011,10,14.9,Partner Websites
469,25-09-2016,16-10-2016,Home Loan,NH-18610,OFF-LA-10001569,869883,10,5.6,Walk-in
470,11-03-2016,30-03-2016,Home Loan,MB-18085,FUR-TA-10001095,899334,1,4.9,Walk-in
471,16-12-2016,03-01-2017,Gold Loan,KD-16495,OFF-FA-10001754,41438,1,8.7,Walk-in
472,11-07-2017,30-07-2017,Home Loan,KN-16390,OFF-LA-10004272,858989,20,4.3,Walk-in
473,19-11-2016,10-12-2016,Home Loan,NP-18685,OFF-AR-10003770,934205,5,12.4,Walk-in
474,13-11-2016,02-12-2016,Home Loan,CS-12505,OFF-SU-10000381,1123970,1,6,Website
475,27-11-2014,18-12-2014,Home Loan,MS-17770,OFF-FA-10003021,898638,20,12.3,Walk-in
476,03-11-2015,22-11-2015,Home Loan,CM-12655,TEC-PH-10003580,1114028,30,11.4,Walk-in
477,29-11-2014,21-12-2014,Home Loan,Co-12640,OFF-LA-10000452,992929,1,12.2,Walk-in
478,24-11-2017,13-12-2017,Home Loan,TS-21370,OFF-PA-10001838,1101289,30,6.5,Walk-in
479,30-10-2017,18-11-2017,Home Loan,JW-15220,FUR-FU-10002885,1111529,30,4.5,Walk-in
480,04-09-2017,23-09-2017,Home Loan,JD-15790,OFF-AR-10003759,1158853,20,6.2,Walk-in
481,01-08-2015,22-08-2015,Home Loan,PC-19000,OFF-AR-10001868,1056076,10,13.6,Corporate Campaign
482,24-12-2017,13-01-2018,Home Loan,AR-10540,OFF-BI-10003708,1052691,1,3.5,Walk-in
483,11-12-2017,01-01-2018,Home Loan,AI-10855,FUR-CH-10002961,1233233,1,13.6,Website
484,03-02-2014,21-02-2014,Personal Loan,TB-21400,OFF-BI-10004593,111231,30,7.3,Walk-in
485,16-04-2017,06-05-2017,Home Loan,PL-18925,OFF-AR-10001419,765579,30,6.1,Walk-in
486,06-12-2015,26-12-2015,Home Loan,GH-14425,FUR-FU-10002253,1152410,1,7,Walk-in
487,10-02-2017,01-03-2017,Home Loan,MP-18175,FUR-BO-10004015,782153,5,6.8,Walk-in
488,29-10-2016,17-11-2016,Home Loan,JM-15655,OFF-ST-10000419,761801,10,14.8,Walk-in
489,15-09-2017,02-10-2017,Personal Loan,CL-11890,TEC-PH-10000439,96060,5,14.4,Partner Websites
490,04-02-2014,23-02-2014,Home Loan,DB-13270,OFF-BI-10004230,781404,20,8.1,Walk-in
491,17-06-2016,07-07-2016,Home Loan,IG-15085,OFF-PA-10000806,1039486,1,7.4,Website
492,16-10-2017,05-11-2017,Home Loan,BO-11425,OFF-BI-10003719,1029474,5,2.1,Walk-in
493,04-09-2017,23-09-2017,Home Loan,AB-10150,TEC-AC-10000171,785023,10,14.7,Partner Websites
494,09-05-2016,30-05-2016,Home Loan,JW-16075,OFF-EN-10003134,1172726,10,14,Walk-in
495,09-04-2016,28-04-2016,Home Loan,EB-13750,OFF-BI-10003712,882618,5,14.7,Website
496,30-06-2017,15-07-2017,Vehicle Loan,SG-20470,FUR-TA-10000577,257638,10,13.4,Walk-in
497,09-11-2015,24-11-2015,Vehicle Loan,CM-12190,OFF-PA-10004000,139137,30,9.7,Website
498,29-11-2015,15-12-2015,Gold Loan,AW-10840,TEC-AC-10003038,82512,10,15.5,Website
499,15-12-2014,02-01-2015,Gold Loan,MC-18100,TEC-PH-10000169,90070,10,11,Website
500,22-04-2016,12-05-2016,Home Loan,TT-21460,OFF-ST-10002406,1018578,10,10,Walk-in
501,12-05-2016,31-05-2016,Home Loan,VG-21805,OFF-AR-10001662,807692,20,3.9,Walk-in
502,15-04-2016,04-05-2016,Home Loan,MY-18295,OFF-AR-10001221,888488,10,2.1,Website
503,23-06-2015,10-07-2015,Personal Loan,RD-19480,TEC-PH-10004830,77565,20,6.5,Walk-in
504,24-03-2015,11-04-2015,Gold Loan,DP-13390,FUR-BO-10000362,63609,20,4.4,Walk-in
505,26-05-2014,14-06-2014,Home Loan,ML-17395,FUR-BO-10000362,836654,20,14,Walk-in
506,08-07-2017,30-07-2017,Home Loan,JC-15385,FUR-FU-10002937,942921,30,9.6,Walk-in
507,19-12-2015,08-01-2016,Home Loan,JG-15160,TEC-PH-10002922,1091447,30,5.8,Partner Websites
508,24-09-2015,15-10-2015,Home Loan,MC-17275,FUR-CH-10001270,1143889,30,14,Walk-in
509,26-11-2014,17-12-2014,Home Loan,NW-18400,OFF-PA-10001166,1185014,20,14.3,Walk-in
510,26-05-2016,16-06-2016,Home Loan,TB-21280,OFF-PA-10002689,867828,30,8.7,Walk-in
511,29-11-2014,19-12-2014,Home Loan,BS-11380,OFF-FA-10003112,980056,30,11.5,Walk-in
512,29-08-2014,13-09-2014,Vehicle Loan,HH-15010,OFF-PA-10004475,212973,30,10.2,Walk-in
513,18-11-2017,06-12-2017,Gold Loan,CD-12280,OFF-ST-10003442,53430,30,11.7,Walk-in
514,20-01-2017,10-02-2017,Home Loan,TH-21100,TEC-PH-10004922,774364,10,5.8,Website
515,30-10-2017,21-11-2017,Home Loan,MM-18055,OFF-BI-10004330,773785,20,10.7,Website
516,24-11-2016,11-12-2016,Personal Loan,NS-18505,OFF-ST-10001325,84724,1,12.1,Referral
517,22-03-2016,09-04-2016,Gold Loan,RB-19645,TEC-AC-10001013,100376,10,4.9,Walk-in
518,11-12-2015,27-12-2015,Gold Loan,SW-20455,OFF-LA-10003930,76265,30,16.2,Walk-in
519,18-05-2016,08-06-2016,Home Loan,EB-13930,OFF-ST-10000604,1056651,30,2.8,Website
520,29-09-2016,16-10-2016,Personal Loan,PS-18760,OFF-PA-10000176,82724,10,7.3,Corporate Campaign
521,09-12-2017,30-12-2017,Home Loan,HF-14995,OFF-PA-10000575,909477,10,7.9,Walk-in
522,14-03-2016,03-04-2016,Home Loan,HZ-14950,FUR-FU-10004020,919736,10,10.6,Website
523,02-02-2014,21-02-2014,Home Loan,CD-12790,OFF-FA-10001843,900277,10,7.6,Walk-in
524,30-10-2017,20-11-2017,Home Loan,JK-15205,OFF-LA-10003077,890621,10,5.1,Walk-in
525,29-04-2017,19-05-2017,Personal Loan,FM-14215,FUR-TA-10001307,87135,20,14.3,Corporate Campaign
526,09-08-2014,31-08-2014,Home Loan,ED-13885,OFF-LA-10000262,816588,5,8,Walk-in
527,25-04-2014,14-05-2014,Home Loan,DA-13450,OFF-PA-10003543,1081481,10,13.9,Walk-in
528,14-10-2017,01-11-2017,Gold Loan,JW-15955,FUR-FU-10001918,133740,30,11.8,Corporate Campaign
529,11-05-2014,01-06-2014,Home Loan,RM-19375,TEC-AC-10001013,1003256,20,13.1,Corporate Campaign
530,04-08-2016,23-08-2016,Home Loan,ML-17755,OFF-SU-10002573,824044,30,14.2,Walk-in
531,22-03-2014,10-04-2014,Home Loan,CC-12685,OFF-BI-10004410,897334,5,4.1,Walk-in
532,22-09-2017,11-10-2017,Home Loan,JE-15610,OFF-PA-10004475,956099,30,11.7,Walk-in
533,15-02-2015,06-03-2015,Home Loan,RP-19855,TEC-PH-10001819,825156,5,6.4,Walk-in
534,08-12-2014,28-12-2014,Home Loan,TB-21175,OFF-ST-10000777,1171373,10,13.1,Walk-in
535,05-09-2016,25-09-2016,Home Loan,BE-11455,OFF-AR-10004022,752208,1,6.5,Walk-in
536,08-08-2016,25-08-2016,Personal Loan,JF-15565,OFF-FA-10000585,101594,30,5.5,Walk-in
537,11-02-2016,28-02-2016,Gold Loan,PB-19210,TEC-PH-10004897,138323,10,9.7,Website
538,20-11-2017,11-12-2017,Home Loan,BT-11680,FUR-FU-10001861,968775,30,14.1,Walk-in
539,25-05-2014,13-06-2014,Home Loan,JL-15235,OFF-AP-10001394,961606,1,6.7,Corporate Campaign
540,08-02-2016,26-02-2016,Personal Loan,CH-12070,TEC-PH-10002624,106530,10,8.5,Walk-in
541,13-07-2015,30-07-2015,Personal Loan,ND-18460,OFF-PA-10000019,95397,30,13.4,Walk-in
542,01-08-2014,20-08-2014,Home Loan,BF-10975,OFF-LA-10000240,874519,1,6.9,Website
543,18-07-2016,07-08-2016,Home Loan,KH-16330,FUR-CH-10000988,1216079,30,14.5,Partner Websites
544,29-07-2017,17-08-2017,Home Loan,GW-14605,TEC-AC-10003027,908926,5,14.6,Walk-in
545,13-10-2016,01-11-2016,Home Loan,NC-18625,FUR-TA-10004575,1080991,10,2.7,Walk-in
546,21-07-2014,09-08-2014,Home Loan,ME-18010,OFF-AR-10002067,951928,10,10,Walk-in
547,21-11-2017,10-12-2017,Home Loan,BP-11230,FUR-TA-10004767,1243245,30,12.2,Walk-in
548,25-03-2017,13-04-2017,Home Loan,JC-15775,TEC-PH-10000984,1179870,20,14.5,Walk-in
549,02-12-2017,20-12-2017,Gold Loan,AS-10090,OFF-AR-10001446,42550,10,4.8,Walk-in
550,03-10-2017,21-10-2017,Gold Loan,AC-10450,OFF-BI-10001359,114764,30,13.7,Walk-in
551,21-10-2017,08-11-2017,Gold Loan,MD-17860,OFF-ST-10002743,71836,10,12.2,Walk-in
552,18-12-2017,07-01-2018,Home Loan,DB-13660,FUR-FU-10001037,1105466,10,6,Walk-in
553,15-01-2014,01-02-2014,Gold Loan,EH-13990,TEC-AC-10003628,60766,10,6.2,Website
554,17-08-2017,03-09-2017,Gold Loan,EH-13765,OFF-BI-10003091,109410,30,16.4,Walk-in
555,08-07-2016,25-07-2016,Personal Loan,SC-20230,TEC-PH-10004345,124025,30,6.5,Walk-in
556,08-07-2016,27-07-2016,Home Loan,JE-15715,OFF-BI-10002082,850230,10,2.2,Walk-in
557,02-09-2017,21-09-2017,Home Loan,AC-10615,OFF-AR-10000658,1188175,10,8.6,Partner Websites
558,14-12-2014,03-01-2015,Home Loan,JD-16015,OFF-BI-10001249,751241,10,14.9,Walk-in
559,25-07-2016,11-08-2016,Gold Loan,CB-12415,TEC-CO-10001449,60449,10,11.2,Corporate Campaign
560,02-12-2017,19-12-2017,Personal Loan,JS-16030,OFF-AP-10002534,110511,10,11.7,Website
561,11-04-2017,03-05-2017,Home Loan,LW-17215,TEC-AC-10001767,956512,10,7.1,Walk-in
562,11-12-2015,26-12-2015,Vehicle Loan,SC-20800,TEC-AC-10001606,175623,30,4.6,Walk-in
563,18-09-2016,08-10-2016,Home Loan,AM-10705,FUR-CH-10001854,1166636,10,12.6,Website
564,19-09-2016,06-10-2016,Gold Loan,RH-19510,OFF-ST-10001490,95355,30,7.5,Walk-in
565,25-09-2017,14-10-2017,Home Loan,CT-11995,OFF-BI-10002976,1248165,10,2.4,Website
566,17-07-2016,05-08-2016,Home Loan,MC-17590,OFF-AP-10004487,1241291,30,10.1,Walk-in
567,21-07-2016,07-08-2016,Personal Loan,CC-12610,OFF-BI-10000301,92077,30,7.9,Walk-in
568,20-11-2017,10-12-2017,Home Loan,KA-16525,FUR-CH-10003956,990685,30,12.2,Website
569,26-11-2016,17-12-2016,Home Loan,TC-20980,OFF-BI-10002954,947573,10,3,Walk-in
570,12-09-2017,30-09-2017,Gold Loan,BF-11080,OFF-PA-10004082,38408,10,5.2,Walk-in
571,15-07-2017,03-08-2017,Home Loan,MM-17260,OFF-BI-10004094,921513,10,4.8,Website
572,18-07-2014,02-08-2014,Vehicle Loan,AH-10120,FUR-CH-10002372,238738,20,14.1,Walk-in
573,30-09-2014,20-10-2014,Home Loan,BW-11200,OFF-PA-10004888,815178,5,11.2,Walk-in
574,19-09-2016,08-10-2016,Home Loan,SW-20245,OFF-PA-10002222,790256,20,8.5,Walk-in
575,23-06-2014,13-07-2014,Home Loan,BS-11665,TEC-AC-10000158,889559,5,8.2,Walk-in
576,20-05-2014,06-06-2014,Personal Loan,RF-19345,OFF-AP-10000124,97615,5,9.5,Walk-in
577,30-11-2015,19-12-2015,Home Loan,WB-21850,OFF-BI-10003656,866171,30,2,Walk-in
578,31-12-2015,20-01-2016,Home Loan,TB-21625,FUR-FU-10002364,1140165,1,13,Corporate Campaign
579,19-11-2017,11-12-2017,Home Loan,AF-10870,FUR-CH-10001973,1197755,5,10.3,Website
580,24-11-2014,14-12-2014,Personal Loan,RB-19435,TEC-AC-10001772,82536,10,12,Corporate Campaign
581,13-03-2017,03-04-2017,Home Loan,KF-16285,OFF-PA-10004359,972712,20,14,Walk-in
582,27-01-2017,14-02-2017,Personal Loan,JH-15820,OFF-AR-10004078,118772,10,11.9,Walk-in
583,01-08-2014,18-08-2014,Gold Loan,IL-15100,OFF-BI-10004506,67944,20,14.4,Walk-in
584,15-10-2016,05-11-2016,Home Loan,PB-18805,OFF-PA-10000740,920800,30,4.1,Walk-in
585,14-07-2016,29-07-2016,Vehicle Loan,RH-19600,TEC-AC-10002345,263698,10,9.3,Referral
586,14-07-2014,04-08-2014,Home Loan,AW-10930,OFF-BI-10001098,1129384,10,12.9,Walk-in
587,14-11-2014,01-12-2014,Personal Loan,ML-17410,TEC-PH-10001079,123390,20,7.3,Website
588,20-09-2014,10-10-2014,Home Loan,DB-13555,OFF-AR-10003469,1014471,1,13.5,Walk-in
589,28-07-2017,16-08-2017,Home Loan,MH-17620,OFF-BI-10000145,1040875,20,2.9,Walk-in
590,06-12-2015,21-12-2015,Vehicle Loan,DK-13375,TEC-PH-10001578,107357,20,15.6,Walk-in
591,19-03-2016,05-04-2016,Personal Loan,BT-11440,FUR-BO-10002202,88164,30,16.3,Website
592,26-06-2017,16-07-2017,Home Loan,DB-13405,FUR-FU-10000293,822267,10,9.3,Partner Websites
593,15-11-2016,02-12-2016,Personal Loan,TG-21310,OFF-BI-10003527,116845,20,7,Walk-in
594,21-11-2017,10-12-2017,Home Loan,BF-11005,OFF-ST-10003442,1139729,10,3.5,Walk-in
595,15-02-2015,05-03-2015,Personal Loan,JM-16195,OFF-PA-10004285,85674,10,6.4,Walk-in
596,08-11-2015,25-11-2015,Personal Loan,MZ-17335,OFF-FA-10002280,119209,20,16.6,Walk-in
597,18-12-2015,02-01-2016,Vehicle Loan,MW-18220,TEC-AC-10002253,256519,1,10.7,Walk-in
598,06-02-2017,24-02-2017,Gold Loan,MV-17485,FUR-BO-10004015,68310,10,11.2,Referral
599,12-10-2017,27-10-2017,Vehicle Loan,SM-20320,OFF-PA-10003919,161795,30,12.5,Website
600,17-09-2017,02-10-2017,Vehicle Loan,TP-21415,OFF-PA-10002001,266821,10,10.6,Walk-in
601,30-10-2017,17-11-2017,Gold Loan,JK-15625,FUR-CH-10003833,21496,1,10.6,Walk-in
602,05-05-2016,23-05-2016,Gold Loan,PJ-18835,OFF-PA-10003971,46861,10,6,Website
603,08-01-2017,26-01-2017,Gold Loan,RS-19420,FUR-TA-10001950,28882,10,6.2,Walk-in
604,05-11-2017,24-11-2017,Home Loan,SV-20935,TEC-AC-10001432,1091116,5,5.5,Website
605,11-06-2017,27-06-2017,Gold Loan,BC-11125,FUR-CH-10001394,59298,20,8.2,Corporate Campaign
606,20-07-2017,09-08-2017,Home Loan,EM-13825,OFF-LA-10004093,836091,5,5.1,Walk-in
607,15-09-2015,04-10-2015,Personal Loan,BM-11575,OFF-BI-10002082,86770,10,14.5,Walk-in
608,23-09-2017,11-10-2017,Gold Loan,KN-16705,OFF-EN-10004147,57981,10,12,Walk-in
609,30-09-2014,19-10-2014,Home Loan,KW-16570,OFF-AP-10000696,1192819,10,8.7,Website
610,31-08-2015,17-09-2015,Gold Loan,SC-20260,FUR-BO-10002545,131709,10,11.6,Website
611,25-03-2017,10-04-2017,Gold Loan,CV-12295,OFF-AP-10002403,116119,30,7.9,Walk-in
612,06-12-2015,25-12-2015,Home Loan,SG-20605,OFF-PA-10004255,1076089,5,12.3,Partner Websites
613,20-01-2017,09-02-2017,Home Loan,TM-21010,OFF-AR-10003631,784473,20,2.8,Walk-in
614,07-06-2015,24-06-2015,Personal Loan,EM-13810,OFF-BI-10004187,83547,5,7.9,Partner Websites
615,12-10-2017,02-11-2017,Home Loan,ML-18040,TEC-AC-10002842,799453,10,9.9,Website
616,18-04-2016,08-05-2016,Home Loan,CR-12580,OFF-ST-10003656,764558,20,7.9,Walk-in
617,25-03-2014,16-04-2014,Home Loan,AZ-10750,FUR-CH-10002439,827838,10,2.6,Walk-in
618,18-11-2014,05-12-2014,Personal Loan,PW-19240,FUR-TA-10000849,82842,10,5.7,Walk-in
619,11-07-2015,28-07-2015,Personal Loan,SC-20380,OFF-PA-10001763,81821,20,7.7,Walk-in
620,22-01-2016,12-02-2016,Home Loan,CM-11935,FUR-FU-10002107,1097561,10,5.3,Website
621,04-09-2017,23-09-2017,Personal Loan,GM-14695,FUR-TA-10000198,95164,20,15.9,Walk-in
622,09-10-2015,28-10-2015,Personal Loan,TB-21250,TEC-PH-10001835,121285,10,13.8,Walk-in
623,19-11-2014,08-12-2014,Home Loan,JM-15865,TEC-PH-10002885,1026892,30,13.2,Walk-in
624,16-06-2014,07-07-2014,Home Loan,SC-20575,FUR-CH-10000225,932245,30,12.3,Corporate Campaign
625,17-06-2017,05-07-2017,Gold Loan,LS-17200,OFF-PA-10001892,47294,10,14.7,Walk-in
626,14-11-2016,04-12-2016,Home Loan,RR-19315,OFF-LA-10000248,945190,30,9.9,Walk-in
627,02-12-2017,21-12-2017,Home Loan,DB-12910,OFF-BI-10002429,841745,20,8.8,Website
628,06-04-2015,25-04-2015,Home Loan,TT-21220,OFF-AR-10004078,995211,20,10.9,Walk-in
629,06-09-2015,23-09-2015,Gold Loan,LO-17170,TEC-AC-10003499,56045,30,7.3,Walk-in
630,30-04-2016,19-05-2016,Home Loan,KD-16615,FUR-FU-10002759,927760,30,3.4,Walk-in
631,26-09-2014,16-10-2014,Personal Loan,NB-18580,OFF-AP-10002191,122893,20,7.7,Walk-in
632,21-12-2017,08-01-2018,Gold Loan,BD-11635,TEC-AC-10003116,31558,30,8.7,Website
633,12-08-2016,30-08-2016,Personal Loan,CM-12235,TEC-AC-10004145,122661,10,13.6,Website
634,04-06-2016,19-06-2016,Vehicle Loan,EN-13780,OFF-PA-10000349,221243,30,13.9,Walk-in
635,16-12-2014,05-01-2015,Home Loan,KN-16450,OFF-BI-10000591,824984,10,9.4,Walk-in
636,28-04-2016,20-05-2016,Home Loan,BO-11350,FUR-CH-10002304,1001399,10,9.5,Walk-in
637,26-04-2014,18-05-2014,Home Loan,AG-10300,FUR-CH-10004886,1149804,10,8.7,Walk-in
638,03-12-2014,21-12-2014,Personal Loan,MC-17635,OFF-PA-10001972,77569,20,11.3,Walk-in
639,22-10-2017,08-11-2017,Gold Loan,TA-21385,TEC-CO-10004722,58448,1,6.1,Website
640,15-05-2017,04-06-2017,Home Loan,JF-15295,FUR-FU-10000076,1022823,10,4.5,Walk-in
641,15-08-2015,03-09-2015,Home Loan,TT-21265,OFF-ST-10000046,787699,20,6.6,Walk-in
642,12-06-2017,03-07-2017,Home Loan,SB-20170,OFF-PA-10000697,1127122,20,5.7,Walk-in
643,14-04-2017,30-04-2017,Gold Loan,CL-12700,OFF-BI-10003460,120477,30,11.7,Walk-in
644,01-10-2016,16-10-2016,Vehicle Loan,HG-15025,TEC-AC-10003832,184191,10,6.8,Partner Websites
645,25-08-2015,14-09-2015,Home Loan,NL-18310,FUR-CH-10002774,887471,5,7.9,Walk-in
646,09-09-2014,27-09-2014,Personal Loan,RR-19525,OFF-PA-10001144,121769,30,16.9,Website
647,03-12-2017,18-12-2017,Vehicle Loan,TC-21295,OFF-PA-10000357,276367,10,4,Walk-in
648,21-06-2014,06-07-2014,Vehicle Loan,SV-20785,OFF-BI-10001116,197792,1,15,Website
649,07-02-2016,24-02-2016,Gold Loan,BE-11410,OFF-PA-10003465,61641,30,10.8,Walk-in
650,26-08-2017,16-09-2017,Home Loan,SC-20680,TEC-AC-10000158,1232006,1,3,Walk-in
651,04-10-2014,23-10-2014,Home Loan,DF-13135,OFF-LA-10004689,769663,30,2.4,Website
652,13-02-2017,06-03-2017,Home Loan,FH-14350,OFF-AR-10001547,850206,1,13.8,Referral
653,04-11-2014,23-11-2014,Home Loan,MS-17530,FUR-FU-10004671,938005,20,11.2,Website
654,04-12-2015,23-12-2015,Home Loan,RH-19555,OFF-BI-10001553,1040210,20,3.6,Website
655,17-04-2015,06-05-2015,Home Loan,GA-14515,OFF-AR-10003251,968511,20,5.9,Walk-in
656,11-03-2016,30-03-2016,Home Loan,JP-16135,FUR-FU-10004270,794293,5,6.7,Walk-in
657,26-05-2014,13-06-2014,Gold Loan,Dp-13240,OFF-PA-10002893,48591,10,14.9,Website
658,02-04-2015,22-04-2015,Home Loan,MO-17950,OFF-AP-10001242,917720,1,8.3,Referral
659,03-11-2017,23-11-2017,Home Loan,DL-13330,FUR-FU-10000629,1129145,20,2.9,Walk-in
660,25-07-2015,11-08-2015,Personal Loan,MH-18025,OFF-FA-10004395,78225,1,8.5,Website
661,01-09-2015,23-09-2015,Home Loan,DR-12940,OFF-BI-10001510,883517,1,13,Partner Websites
662,05-05-2016,23-05-2016,Gold Loan,DM-13015,OFF-BI-10003784,70036,1,12,Walk-in
663,26-01-2017,15-02-2017,Personal Loan,CA-11965,OFF-AR-10001547,114003,10,11.7,Partner Websites
664,23-03-2017,11-04-2017,Home Loan,AC-10660,OFF-ST-10001809,772301,5,6.4,Walk-in
665,08-04-2017,30-04-2017,Home Loan,DM-13345,FUR-FU-10003832,1077847,20,7.1,Walk-in
666,17-12-2017,06-01-2018,Home Loan,VF-21715,OFF-PA-10001745,846787,10,14.1,Referral
667,15-08-2016,01-09-2016,Personal Loan,CC-12370,FUR-CH-10000988,77365,10,15.2,Walk-in
668,22-03-2014,10-04-2014,Home Loan,BF-11275,OFF-PA-10002581,1213337,1,12.7,Walk-in
669,29-04-2014,16-05-2014,Personal Loan,HG-14845,FUR-CH-10002304,79599,20,13.9,Walk-in
670,10-07-2017,29-07-2017,Personal Loan,BP-11155,FUR-FU-10000771,80858,20,7.9,Walk-in
671,12-11-2017,27-11-2017,Vehicle Loan,EM-14140,TEC-AC-10001266,283142,5,5.9,Walk-in
672,27-06-2017,19-07-2017,Home Loan,MA-17995,FUR-CH-10002647,1220363,30,4.9,Corporate Campaign
673,16-12-2017,05-01-2018,Personal Loan,AY-10555,FUR-CH-10002774,107979,20,9.4,Walk-in
674,12-06-2015,02-07-2015,Home Loan,GB-14575,OFF-PA-10003848,828643,10,10.8,Walk-in
675,25-05-2016,14-06-2016,Home Loan,JB-16045,FUR-FU-10000755,854845,10,2.9,Walk-in
676,08-09-2016,25-09-2016,Gold Loan,MG-17875,OFF-AP-10003779,132815,1,6.6,Walk-in
677,17-04-2017,08-05-2017,Home Loan,SR-20425,OFF-BI-10000773,897613,10,5.5,Walk-in
678,17-11-2017,08-12-2017,Home Loan,JB-16000,FUR-BO-10002202,851630,10,8,Walk-in
679,21-09-2015,12-10-2015,Home Loan,DM-12955,FUR-BO-10000468,772741,10,8.6,Walk-in
680,02-04-2017,19-04-2017,Gold Loan,TC-21475,FUR-TA-10004534,69938,5,5.7,Corporate Campaign
681,09-04-2016,29-04-2016,Personal Loan,SW-20350,TEC-PH-10002555,121666,1,10.3,Walk-in
682,03-03-2017,22-03-2017,Home Loan,RE-19450,OFF-PA-10001307,998127,20,12.3,Walk-in
683,13-03-2017,02-04-2017,Personal Loan,BF-11215,OFF-ST-10000615,86700,20,12,Walk-in
684,04-09-2017,20-09-2017,Gold Loan,KB-16405,OFF-PA-10001800,134423,10,15.2,Walk-in
685,22-12-2017,11-01-2018,Personal Loan,JG-15310,OFF-SU-10003505,78396,5,16.9,Walk-in
686,23-03-2017,13-04-2017,Home Loan,EC-14050,OFF-PA-10002741,854731,20,11.9,Website
687,08-09-2017,27-09-2017,Home Loan,EB-14110,TEC-PH-10002200,1122738,1,12.7,Walk-in
688,24-08-2014,10-09-2014,Gold Loan,JP-15460,FUR-FU-10004586,73843,1,16.6,Website
689,11-02-2017,28-02-2017,Personal Loan,CS-11845,FUR-CH-10004495,124986,10,10.6,Walk-in
690,03-08-2014,20-08-2014,Personal Loan,GH-14410,OFF-PA-10001289,121133,10,17.3,Walk-in
691,12-09-2014,01-10-2014,Personal Loan,PT-19090,OFF-BI-10004040,113611,1,12.8,Walk-in
692,01-09-2014,19-09-2014,Gold Loan,JL-15130,OFF-BI-10002949,75895,1,13.8,Walk-in
693,18-12-2017,06-01-2018,Home Loan,AH-10030,OFF-AR-10003183,1092539,20,12.7,Corporate Campaign
694,02-05-2016,17-05-2016,Vehicle Loan,CC-12475,OFF-ST-10001580,215211,10,6.8,Corporate Campaign
695,20-11-2016,12-12-2016,Home Loan,DW-13195,FUR-CH-10003774,827947,20,3.7,Walk-in
696,01-12-2017,20-12-2017,Home Loan,SJ-20215,TEC-PH-10004912,895930,10,10.2,Corporate Campaign
697,17-04-2017,04-05-2017,Gold Loan,BG-11740,FUR-FU-10001473,111133,1,5.6,Website
698,13-11-2016,02-12-2016,Home Loan,LB-16795,OFF-BI-10000285,1202744,20,7.7,Walk-in
699,14-11-2014,30-11-2014,Gold Loan,CM-11815,OFF-PA-10004609,36830,30,10,Walk-in
700,22-05-2014,13-06-2014,Home Loan,EH-14185,TEC-PH-10002660,1109030,20,11.8,Walk-in
701,20-12-2014,09-01-2015,Home Loan,TS-21505,OFF-AP-10004868,1055012,10,14.4,Walk-in
702,21-08-2017,06-09-2017,Gold Loan,PR-18880,OFF-AR-10000203,41167,10,11.1,Corporate Campaign
703,31-01-2014,17-02-2014,Gold Loan,LC-17050,FUR-BO-10003966,116953,10,10.6,Walk-in
704,01-11-2016,19-11-2016,Gold Loan,CS-12490,OFF-ST-10004950,119077,5,15.8,Walk-in
705,21-11-2014,11-12-2014,Home Loan,DH-13075,TEC-PH-10002923,1195751,1,10.9,Walk-in
706,29-07-2016,17-08-2016,Home Loan,JO-15145,OFF-ST-10001713,1029302,20,3.5,Walk-in
707,06-08-2016,22-08-2016,Gold Loan,AH-10690,OFF-PA-10000474,90797,5,13.2,Website
708,25-11-2016,15-12-2016,Home Loan,HJ-14875,OFF-PA-10004675,922276,30,10.8,Referral
709,06-04-2015,25-04-2015,Home Loan,MH-17455,OFF-PA-10001019,1170757,30,6.5,Walk-in
710,10-04-2017,25-04-2017,Vehicle Loan,RD-19930,OFF-PA-10004101,252524,10,15,Walk-in
711,20-06-2014,09-07-2014,Home Loan,SC-20020,TEC-PH-10000369,954390,5,8.6,Referral
712,10-12-2017,30-12-2017,Personal Loan,SU-20665,TEC-AC-10001838,77592,30,11.1,Walk-in
713,29-06-2017,19-07-2017,Home Loan,FC-14335,OFF-PA-10003953,952582,10,7.3,Walk-in
714,17-11-2014,09-12-2014,Home Loan,RB-19330,OFF-PA-10002137,839371,5,3,Walk-in
715,29-11-2016,16-12-2016,Personal Loan,NC-18535,TEC-AC-10004864,111699,1,5,Walk-in
716,03-05-2017,23-05-2017,Personal Loan,DB-12970,OFF-ST-10000464,101759,30,7.2,Walk-in
717,09-01-2016,28-01-2016,Personal Loan,MF-17665,FUR-FU-10002445,95907,30,15.2,Walk-in
718,06-03-2017,26-03-2017,Personal Loan,RM-19750,OFF-PA-10002254,109244,5,9.3,Walk-in
719,17-03-2016,01-04-2016,Vehicle Loan,VM-21835,TEC-PH-10000673,117232,1,4.2,Website
720,27-01-2014,17-02-2014,Home Loan,EJ-13720,OFF-ST-10003692,788469,1,7.7,Walk-in
721,14-10-2016,04-11-2016,Home Loan,NC-18415,FUR-CH-10003606,1230078,20,13.3,Referral
722,14-11-2015,04-12-2015,Home Loan,LS-17230,FUR-FU-10004017,754980,10,13.6,Walk-in
723,08-06-2014,27-06-2014,Home Loan,KE-16420,FUR-CH-10002647,1087622,30,11.4,Website
724,21-09-2015,06-10-2015,Vehicle Loan,DH-13675,FUR-FU-10004006,206977,20,15.3,Walk-in
725,15-06-2015,05-07-2015,Home Loan,PF-19120,OFF-PA-10002245,1013263,10,12.8,Partner Websites
726,05-04-2015,25-04-2015,Home Loan,VT-21700,OFF-AP-10004036,868548,10,11.2,Website
727,23-06-2016,15-07-2016,Home Loan,MG-17695,OFF-SU-10000157,877619,1,14.4,Corporate Campaign
728,22-11-2014,11-12-2014,Home Loan,SP-20920,OFF-PA-10002245,778466,5,14.8,Website
729,17-04-2016,07-05-2016,Home Loan,CS-12175,FUR-FU-10003798,1181294,20,3.1,Walk-in
730,08-03-2015,27-03-2015,Home Loan,DK-12895,FUR-BO-10002916,840898,1,6.8,Walk-in
731,10-12-2015,31-12-2015,Home Loan,KM-16660,OFF-AR-10003087,1169207,1,2,Walk-in
732,22-06-2014,12-07-2014,Home Loan,AA-10645,FUR-CH-10004698,1007804,10,13.8,Walk-in
733,22-08-2016,10-09-2016,Home Loan,DD-13570,OFF-BI-10003676,876780,10,10.2,Corporate Campaign
734,14-05-2017,02-06-2017,Home Loan,AH-10465,TEC-PH-10002834,1163231,1,14.1,Website
735,14-01-2017,31-01-2017,Gold Loan,TP-21565,TEC-AC-10003027,78442,30,15.5,Corporate Campaign
736,29-11-2015,15-12-2015,Gold Loan,EK-13795,OFF-AR-10003582,69510,30,12.4,Website
737,06-10-2017,27-10-2017,Home Loan,CR-12820,TEC-AC-10001539,1170409,10,10.6,Walk-in
738,18-05-2017,07-06-2017,Home Loan,SG-20890,OFF-BI-10003712,1157588,30,6.8,Partner Websites
739,09-12-2017,29-12-2017,Home Loan,AH-10585,OFF-PA-10004965,905825,1,11.3,Walk-in
740,23-07-2016,11-08-2016,Home Loan,NF-18475,OFF-BI-10000948,896106,1,7.7,Walk-in
741,19-09-2014,04-10-2014,Vehicle Loan,BS-11365,FUR-CH-10000988,244978,10,7,Walk-in
742,26-11-2015,15-12-2015,Home Loan,SH-20635,FUR-FU-10003930,785163,5,7.3,Walk-in
743,21-12-2015,11-01-2016,Home Loan,RD-19720,TEC-AC-10003237,1118779,30,8.6,Website
744,10-12-2017,27-12-2017,Personal Loan,AG-10330,TEC-PH-10003215,83544,5,14.9,Walk-in
745,21-11-2014,11-12-2014,Home Loan,GR-14560,OFF-PA-10003309,851634,5,12.4,Website
746,23-05-2017,13-06-2017,Home Loan,VS-21820,FUR-TA-10001520,919229,30,7.6,Walk-in
747,30-03-2017,15-04-2017,Gold Loan,TM-21490,OFF-EN-10004206,82418,10,7.9,Walk-in
748,26-08-2016,12-09-2016,Personal Loan,TS-21430,OFF-AR-10000390,97959,10,17.5,Walk-in
749,26-04-2016,16-05-2016,Home Loan,DB-13360,FUR-CH-10004983,815955,20,11.9,Partner Websites
750,07-06-2014,26-06-2014,Personal Loan,NR-18550,FUR-TA-10002041,93600,1,6.2,Walk-in
751,02-06-2017,18-06-2017,Vehicle Loan,CS-11860,OFF-PA-10004733,204035,10,7.4,Walk-in
752,16-03-2015,07-04-2015,Home Loan,MF-18250,FUR-FU-10001215,946316,10,9.5,Referral
753,08-06-2017,29-06-2017,Home Loan,LW-17125,OFF-BI-10004040,780358,5,13.2,Walk-in
754,10-09-2017,28-09-2017,Gold Loan,AR-10345,OFF-AR-10003338,20756,1,12.7,Walk-in
755,15-03-2015,05-04-2015,Home Loan,KS-16300,TEC-PH-10003356,862883,10,6.5,Website
756,07-03-2014,23-03-2014,Gold Loan,AB-10015,FUR-CH-10004477,127227,30,7.4,Walk-in
757,07-09-2015,29-09-2015,Home Loan,LR-17035,OFF-BI-10004781,1021327,20,6.5,Walk-in
758,15-11-2014,03-12-2014,Gold Loan,SS-20410,FUR-FU-10002505,36677,30,13.1,Corporate Campaign
759,08-09-2016,27-09-2016,Home Loan,JM-15580,TEC-AC-10004209,1213632,10,9.1,Walk-in
760,21-11-2014,12-12-2014,Home Loan,JK-15325,OFF-EN-10001509,905192,10,7.6,Website
761,05-09-2016,22-09-2016,Personal Loan,DM-13525,OFF-PA-10001870,80951,1,15.7,Walk-in
762,21-09-2017,08-10-2017,Gold Loan,ML-18265,TEC-AC-10000158,46476,5,16.5,Walk-in
763,14-06-2016,29-06-2016,Vehicle Loan,MH-17290,FUR-BO-10004218,191946,10,13,Walk-in
764,21-10-2017,09-11-2017,Home Loan,FC-14245,OFF-AP-10000938,1184024,10,5.5,Walk-in
765,02-11-2017,21-11-2017,Home Loan,TH-21115,FUR-FU-10001847,988707,30,12,Walk-in
766,02-12-2017,21-12-2017,Home Loan,JK-16090,TEC-PH-10001795,1154179,10,5.3,Walk-in
767,25-09-2015,14-10-2015,Home Loan,SB-20185,OFF-BI-10002735,1246892,20,4.5,Walk-in
768,31-08-2017,20-09-2017,Home Loan,BG-11035,TEC-AC-10003033,959258,20,7,Walk-in
769,11-08-2015,31-08-2015,Home Loan,BW-11065,FUR-FU-10004270,878701,20,10.6,Walk-in
770,10-04-2017,29-04-2017,Personal Loan,MG-18205,FUR-FU-10003829,92385,20,11,Walk-in
771,27-11-2017,18-12-2017,Home Loan,DO-13645,TEC-PH-10004100,1068996,10,4.5,Website
772,08-10-2017,26-10-2017,Gold Loan,BP-11050,OFF-ST-10001837,118733,1,12.2,Walk-in
773,25-04-2015,15-05-2015,Home Loan,TS-21655,OFF-AR-10000658,1213390,30,14.9,Walk-in
774,26-03-2017,17-04-2017,Home Loan,EM-14200,TEC-AC-10003116,767015,1,7.8,Walk-in
775,16-08-2016,03-09-2016,Gold Loan,AO-10810,FUR-TA-10004152,131224,10,6.3,Walk-in
776,19-12-2016,08-01-2017,Personal Loan,MH-17440,OFF-BI-10000948,118183,10,12.7,Walk-in
777,24-07-2015,12-08-2015,Home Loan,SS-20515,FUR-FU-10001487,826240,20,7.7,Walk-in
778,26-06-2016,15-07-2016,Home Loan,LD-16855,OFF-AR-10001547,830731,10,13,Website
779,06-09-2014,24-09-2014,Gold Loan,VP-21760,FUR-FU-10001487,135574,5,15.2,Walk-in
780,15-09-2017,04-10-2017,Home Loan,TC-21145,FUR-FU-10002445,950134,10,9,Walk-in
781,16-11-2016,02-12-2016,Gold Loan,IM-15055,OFF-BI-10004967,104894,10,14,Walk-in
782,14-07-2016,03-08-2016,Home Loan,AR-10570,OFF-BI-10003963,859953,1,9.4,Website
783,10-10-2014,30-10-2014,Home Loan,CM-12715,TEC-PH-10001128,1157005,5,11.9,Walk-in
784,22-03-2015,11-04-2015,Home Loan,FW-14395,OFF-AR-10003217,1244733,20,8.1,Corporate Campaign
785,20-10-2016,10-11-2016,Home Loan,LC-16960,FUR-FU-10000246,1098014,30,2.9,Walk-in
786,30-01-2016,19-02-2016,Home Loan,HE-14800,OFF-PA-10003892,1197085,30,6.4,Walk-in
787,27-03-2017,15-04-2017,Home Loan,BD-11560,OFF-PA-10000740,1001577,20,4.1,Walk-in
788,07-06-2015,26-06-2015,Home Loan,HD-14785,OFF-BI-10003707,762846,5,9.8,Walk-in
